Oligonucleotide,3′ Chemistry,T4 PNK,Peak Area
UCG,3′ OH,0,13939.89
AAUG,3′ OH,0,22156.52
AAACCG,3′ OH,0,0
CUCAUUAAAUCAG,3′ OH,0,0
UCG,3′ P,0,0
AAUG,3′ P,0,28069.3
AAACCG,3′ P,0,0
CUCAUUAAAUCAG,3′ P,0,0
UCG,3′ cP,0,0
AAUG,3′ cP,0,36994.17
AAACCG,3′ cP,0,66990.14
CUCAUUAAAUCAG,3′ cP,0,20220.92
UCG,3′ OH,1,52795.73
AAUG,3′ OH,1,38349.61
AAACCG,3′ OH,1,14016.94
CUCAUUAAAUCAG,3′ OH,1,16737.79
UCG,3′ P,1,0
AAUG,3′ P,1,28568.89
AAACCG,3′ P,1,12949.12
CUCAUUAAAUCAG,3′ P,1,0
UCG,3′ cP,1,0
AAUG,3′ cP,1,31383
AAACCG,3′ cP,1,22116.31
CUCAUUAAAUCAG,3′ cP,1,0
UCG,3′ OH,10,156650
AAUG,3′ OH,10,83057.64
AAACCG,3′ OH,10,24507.94
CUCAUUAAAUCAG,3′ OH,10,14561.17
UCG,3′ P,10,0
AAUG,3′ P,10,942.37
AAACCG,3′ P,10,0
CUCAUUAAAUCAG,3′ P,10,0
UCG,3′ cP,10,0
AAUG,3′ cP,10,0
AAACCG,3′ cP,10,0
CUCAUUAAAUCAG,3′ cP,10,0
UCG,3′ OH,50,219068.34
AAUG,3′ OH,50,94469.66
AAACCG,3′ OH,50,26315.29
CUCAUUAAAUCAG,3′ OH,50,15070.51
UCG,3′ P,50,0
AAUG,3′ P,50,0
AAACCG,3′ P,50,0
CUCAUUAAAUCAG,3′ P,50,0
UCG,3′ cP,50,0
AAUG,3′ cP,50,0
AAACCG,3′ cP,50,0
CUCAUUAAAUCAG,3′ cP,50,0