,m/z,RT,MS1_offset(ppm),isotopologue match,length,5'-end,sequence,3'-end,charge,isotope,Rank,Score (Sp),dSp,dSp2,n/L,sequence_mods,molecule ID,sequence_location,residue_start(unique),residue_end(unique),modifications_positions
1,453.086884,21.38,17.1,,3,OH,CLG,OH,-2,light,1,0.043,0.0,,0.333,C[Um]G,23S.ecoli,"23S.ecoli,2551,2553",2551,2553,23S.ecoli:2552[Um]
2,453.086884,21.335,17.1,,3,OH,CLG,OH,-2,light,1,0.026,0.0,,0.333,C[Um]G,23S.ecoli,"23S.ecoli,2551,2553",2551,2553,23S.ecoli:2552[Um]
3,457.068451,17.311,-26.5,y,3,OH,CAG,OH,-2,light,1,0.016,0.0,0.75,0.278,-,23S.ecoli,"23S.ecoli,1164,1166;23S.ecoli,1072,1074;23S.ecoli,531,533;23S.ecoli,264,266;23S.ecoli,37,39;23S.ecoli,1335,1337;23S.ecoli,2368,2370;23S.ecoli,698,700;23S.ecoli,2855,2857;23S.ecoli,2036,2038;23S.ecoli,660,662;23S.ecoli,2380,2382",,,
4,457.068451,17.221,-26.5,y,3,OH,ACG,OH,-2,light,1,0.005,0.0,0.6,0.167,-,23S.ecoli,"23S.ecoli,2482,2484;23S.ecoli,1427,1429;23S.ecoli,2358,2360;23S.ecoli,2675,2677;23S.ecoli,2826,2828;23S.ecoli,1829,1831;23S.ecoli,2823,2825;23S.ecoli,2142,2144;23S.ecoli,2054,2056;23S.ecoli,1453,1455;23S.ecoli,56,58;23S.ecoli,1169,1171;23S.ecoli,1815,1817;23S.ecoli,2829,2831;23S.ecoli,1525,1527",,,
5,457.068451,16.704,-26.5,y,3,OH,CAG,OH,-2,light,1,0.001,0.0,0.0,0.056,-,23S.ecoli,"23S.ecoli,1164,1166;23S.ecoli,1072,1074;23S.ecoli,531,533;23S.ecoli,264,266;23S.ecoli,37,39;23S.ecoli,1335,1337;23S.ecoli,2368,2370;23S.ecoli,698,700;23S.ecoli,2855,2857;23S.ecoli,2036,2038;23S.ecoli,660,662;23S.ecoli,2380,2382",,,
6,457.068451,16.704,-26.5,y,3,OH,ACG,OH,-2,light,2,0.001,0.0,,0.056,-,23S.ecoli,"23S.ecoli,2482,2484;23S.ecoli,1427,1429;23S.ecoli,2358,2360;23S.ecoli,2675,2677;23S.ecoli,2826,2828;23S.ecoli,1829,1831;23S.ecoli,2823,2825;23S.ecoli,2142,2144;23S.ecoli,2054,2056;23S.ecoli,1453,1455;23S.ecoli,56,58;23S.ecoli,1169,1171;23S.ecoli,1815,1817;23S.ecoli,2829,2831;23S.ecoli,1525,1527",,,
7,457.068451,16.658,-26.5,y,3,OH,CAG,OH,-2,light,1,0.0,0,0,0.056,-,23S.ecoli,"23S.ecoli,1164,1166;23S.ecoli,1072,1074;23S.ecoli,531,533;23S.ecoli,264,266;23S.ecoli,37,39;23S.ecoli,1335,1337;23S.ecoli,2368,2370;23S.ecoli,698,700;23S.ecoli,2855,2857;23S.ecoli,2036,2038;23S.ecoli,660,662;23S.ecoli,2380,2382",,,
8,457.068451,16.658,-26.5,y,3,OH,ACG,OH,-2,light,2,0.0,0,,0.056,-,23S.ecoli,"23S.ecoli,2482,2484;23S.ecoli,1427,1429;23S.ecoli,2358,2360;23S.ecoli,2675,2677;23S.ecoli,2826,2828;23S.ecoli,1829,1831;23S.ecoli,2823,2825;23S.ecoli,2142,2144;23S.ecoli,2054,2056;23S.ecoli,1453,1455;23S.ecoli,56,58;23S.ecoli,1169,1171;23S.ecoli,1815,1817;23S.ecoli,2829,2831;23S.ecoli,1525,1527",,,
9,457.559677,21.633,-28.2,y,3,OH,AUG,OH,-2,light,1,0.009,0.0,0.22,0.167,-,23S.ecoli,"23S.ecoli,1735,1737;23S.ecoli,2191,2193;23S.ecoli,2033,2035;23S.ecoli,1522,1524;23S.ecoli,761,763;23S.ecoli,1858,1860;23S.ecoli,2778,2780;23S.ecoli,1032,1034;23S.ecoli,1057,1059;23S.ecoli,2503,2505;23S.ecoli,905,907;23S.ecoli,368,370;23S.ecoli,1378,1380;23S.ecoli,1129,1131;23S.ecoli,28,30;23S.ecoli,1981,1983;23S.ecoli,49,51;23S.ecoli,2860,2862;23S.ecoli,2108,2110",,,
10,457.559677,21.594,-28.2,y,3,OH,AUG,OH,-2,light,1,0.001,0.0,1.0,0.056,-,23S.ecoli,"23S.ecoli,1735,1737;23S.ecoli,2191,2193;23S.ecoli,2033,2035;23S.ecoli,1522,1524;23S.ecoli,761,763;23S.ecoli,1858,1860;23S.ecoli,2778,2780;23S.ecoli,1032,1034;23S.ecoli,1057,1059;23S.ecoli,2503,2505;23S.ecoli,905,907;23S.ecoli,368,370;23S.ecoli,1378,1380;23S.ecoli,1129,1131;23S.ecoli,28,30;23S.ecoli,1981,1983;23S.ecoli,49,51;23S.ecoli,2860,2862;23S.ecoli,2108,2110",,,
11,457.593132,22.179,18.0,,3,OH,CAG,OH,-2,light,1,0.08,0.0,0.78,0.389,-,23S.ecoli,"23S.ecoli,1164,1166;23S.ecoli,1072,1074;23S.ecoli,531,533;23S.ecoli,264,266;23S.ecoli,37,39;23S.ecoli,1335,1337;23S.ecoli,2368,2370;23S.ecoli,698,700;23S.ecoli,2855,2857;23S.ecoli,2036,2038;23S.ecoli,660,662;23S.ecoli,2380,2382",,,
12,457.593132,22.685,18.0,,3,OH,CAG,OH,-2,light,1,0.07,0.0,0.64,0.444,-,23S.ecoli,"23S.ecoli,1164,1166;23S.ecoli,1072,1074;23S.ecoli,531,533;23S.ecoli,264,266;23S.ecoli,37,39;23S.ecoli,1335,1337;23S.ecoli,2368,2370;23S.ecoli,698,700;23S.ecoli,2855,2857;23S.ecoli,2036,2038;23S.ecoli,660,662;23S.ecoli,2380,2382",,,
13,457.593132,22.134,18.0,,3,OH,CAG,OH,-2,light,1,0.06,0.0,0.88,0.389,-,23S.ecoli,"23S.ecoli,1164,1166;23S.ecoli,1072,1074;23S.ecoli,531,533;23S.ecoli,264,266;23S.ecoli,37,39;23S.ecoli,1335,1337;23S.ecoli,2368,2370;23S.ecoli,698,700;23S.ecoli,2855,2857;23S.ecoli,2036,2038;23S.ecoli,660,662;23S.ecoli,2380,2382",,,
14,457.593132,23.786,18.0,,3,OH,ACG,OH,-2,light,1,0.041,0.0,0.66,0.333,-,23S.ecoli,"23S.ecoli,2482,2484;23S.ecoli,1427,1429;23S.ecoli,2358,2360;23S.ecoli,2675,2677;23S.ecoli,2826,2828;23S.ecoli,1829,1831;23S.ecoli,2823,2825;23S.ecoli,2142,2144;23S.ecoli,2054,2056;23S.ecoli,1453,1455;23S.ecoli,56,58;23S.ecoli,1169,1171;23S.ecoli,1815,1817;23S.ecoli,2829,2831;23S.ecoli,1525,1527",,,
15,457.593132,23.229,18.0,,3,OH,ACG,OH,-2,light,1,0.027,0.0,0.74,0.167,-,23S.ecoli,"23S.ecoli,2482,2484;23S.ecoli,1427,1429;23S.ecoli,2358,2360;23S.ecoli,2675,2677;23S.ecoli,2826,2828;23S.ecoli,1829,1831;23S.ecoli,2823,2825;23S.ecoli,2142,2144;23S.ecoli,2054,2056;23S.ecoli,1453,1455;23S.ecoli,56,58;23S.ecoli,1169,1171;23S.ecoli,1815,1817;23S.ecoli,2829,2831;23S.ecoli,1525,1527",,,
16,457.593132,23.274,18.0,,3,OH,ACG,OH,-2,light,1,0.023,0.0,0.91,0.167,-,23S.ecoli,"23S.ecoli,2482,2484;23S.ecoli,1427,1429;23S.ecoli,2358,2360;23S.ecoli,2675,2677;23S.ecoli,2826,2828;23S.ecoli,1829,1831;23S.ecoli,2823,2825;23S.ecoli,2142,2144;23S.ecoli,2054,2056;23S.ecoli,1453,1455;23S.ecoli,56,58;23S.ecoli,1169,1171;23S.ecoli,1815,1817;23S.ecoli,2829,2831;23S.ecoli,1525,1527",,,
17,457.593132,23.826,18.0,,3,OH,ACG,OH,-2,light,1,0.016,0.0,0.88,0.222,-,23S.ecoli,"23S.ecoli,2482,2484;23S.ecoli,1427,1429;23S.ecoli,2358,2360;23S.ecoli,2675,2677;23S.ecoli,2826,2828;23S.ecoli,1829,1831;23S.ecoli,2823,2825;23S.ecoli,2142,2144;23S.ecoli,2054,2056;23S.ecoli,1453,1455;23S.ecoli,56,58;23S.ecoli,1169,1171;23S.ecoli,1815,1817;23S.ecoli,2829,2831;23S.ecoli,1525,1527",,,
18,457.593132,22.725,18.0,,3,OH,CAG,OH,-2,light,1,0.006,0.0,0.83,0.167,-,23S.ecoli,"23S.ecoli,1164,1166;23S.ecoli,1072,1074;23S.ecoli,531,533;23S.ecoli,264,266;23S.ecoli,37,39;23S.ecoli,1335,1337;23S.ecoli,2368,2370;23S.ecoli,698,700;23S.ecoli,2855,2857;23S.ecoli,2036,2038;23S.ecoli,660,662;23S.ecoli,2380,2382",,,
19,458.084225,29.263,15.9,,3,OH,AUG,OH,-2,light,1,0.066,0.0,0.76,0.444,-,23S.ecoli,"23S.ecoli,1735,1737;23S.ecoli,2191,2193;23S.ecoli,2033,2035;23S.ecoli,1522,1524;23S.ecoli,761,763;23S.ecoli,1858,1860;23S.ecoli,2778,2780;23S.ecoli,1032,1034;23S.ecoli,1057,1059;23S.ecoli,2503,2505;23S.ecoli,905,907;23S.ecoli,368,370;23S.ecoli,1378,1380;23S.ecoli,1129,1131;23S.ecoli,28,30;23S.ecoli,1981,1983;23S.ecoli,49,51;23S.ecoli,2860,2862;23S.ecoli,2108,2110",,,
20,458.084225,29.313,15.9,,3,OH,AUG,OH,-2,light,1,0.06,0.0,0.82,0.389,-,23S.ecoli,"23S.ecoli,1735,1737;23S.ecoli,2191,2193;23S.ecoli,2033,2035;23S.ecoli,1522,1524;23S.ecoli,761,763;23S.ecoli,1858,1860;23S.ecoli,2778,2780;23S.ecoli,1032,1034;23S.ecoli,1057,1059;23S.ecoli,2503,2505;23S.ecoli,905,907;23S.ecoli,368,370;23S.ecoli,1378,1380;23S.ecoli,1129,1131;23S.ecoli,28,30;23S.ecoli,1981,1983;23S.ecoli,49,51;23S.ecoli,2860,2862;23S.ecoli,2108,2110",,,
21,458.084225,28.739,15.9,,3,OH,AUG,OH,-2,light,1,0.051,0.0,0.75,0.333,-,23S.ecoli,"23S.ecoli,1735,1737;23S.ecoli,2191,2193;23S.ecoli,2033,2035;23S.ecoli,1522,1524;23S.ecoli,761,763;23S.ecoli,1858,1860;23S.ecoli,2778,2780;23S.ecoli,1032,1034;23S.ecoli,1057,1059;23S.ecoli,2503,2505;23S.ecoli,905,907;23S.ecoli,368,370;23S.ecoli,1378,1380;23S.ecoli,1129,1131;23S.ecoli,28,30;23S.ecoli,1981,1983;23S.ecoli,49,51;23S.ecoli,2860,2862;23S.ecoli,2108,2110",,,
22,458.084225,26.376,15.9,,3,OH,UAG,OH,-2,light,1,0.034,0.0,0.76,0.278,-,23S.ecoli,"23S.ecoli,243,245;23S.ecoli,1476,1478;23S.ecoli,2113,2115;23S.ecoli,860,862;23S.ecoli,1372,1374;23S.ecoli,1629,1631;23S.ecoli,2240,2242;23S.ecoli,1716,1718;23S.ecoli,373,375;23S.ecoli,2720,2722;23S.ecoli,598,600;23S.ecoli,1931,1933;23S.ecoli,2533,2535;23S.ecoli,832,834;23S.ecoli,1188,1190",,,
23,458.084225,28.694,15.9,,3,OH,AUG,OH,-2,light,1,0.034,0.0,0.59,0.389,-,23S.ecoli,"23S.ecoli,1735,1737;23S.ecoli,2191,2193;23S.ecoli,2033,2035;23S.ecoli,1522,1524;23S.ecoli,761,763;23S.ecoli,1858,1860;23S.ecoli,2778,2780;23S.ecoli,1032,1034;23S.ecoli,1057,1059;23S.ecoli,2503,2505;23S.ecoli,905,907;23S.ecoli,368,370;23S.ecoli,1378,1380;23S.ecoli,1129,1131;23S.ecoli,28,30;23S.ecoli,1981,1983;23S.ecoli,49,51;23S.ecoli,2860,2862;23S.ecoli,2108,2110",,,
24,458.084225,26.415,15.9,,3,OH,UAG,OH,-2,light,1,0.022,0.0,0.73,0.167,-,23S.ecoli,"23S.ecoli,243,245;23S.ecoli,1476,1478;23S.ecoli,2113,2115;23S.ecoli,860,862;23S.ecoli,1372,1374;23S.ecoli,1629,1631;23S.ecoli,2240,2242;23S.ecoli,1716,1718;23S.ecoli,373,375;23S.ecoli,2720,2722;23S.ecoli,598,600;23S.ecoli,1931,1933;23S.ecoli,2533,2535;23S.ecoli,832,834;23S.ecoli,1188,1190",,,
25,458.084225,26.972,15.9,,3,OH,UAG,OH,-2,light,1,0.016,0.0,0.69,0.167,-,23S.ecoli,"23S.ecoli,243,245;23S.ecoli,1476,1478;23S.ecoli,2113,2115;23S.ecoli,860,862;23S.ecoli,1372,1374;23S.ecoli,1629,1631;23S.ecoli,2240,2242;23S.ecoli,1716,1718;23S.ecoli,373,375;23S.ecoli,2720,2722;23S.ecoli,598,600;23S.ecoli,1931,1933;23S.ecoli,2533,2535;23S.ecoli,832,834;23S.ecoli,1188,1190",,,
26,458.084225,26.927,15.9,,3,OH,UAG,OH,-2,light,1,0.015,0.0,0.8,0.222,-,23S.ecoli,"23S.ecoli,243,245;23S.ecoli,1476,1478;23S.ecoli,2113,2115;23S.ecoli,860,862;23S.ecoli,1372,1374;23S.ecoli,1629,1631;23S.ecoli,2240,2242;23S.ecoli,1716,1718;23S.ecoli,373,375;23S.ecoli,2720,2722;23S.ecoli,598,600;23S.ecoli,1931,1933;23S.ecoli,2533,2535;23S.ecoli,832,834;23S.ecoli,1188,1190",,,
27,465.092941,27.878,17.6,,3,OH,iUG,OH,-2,light,1,0.03,0.0,,0.222,[mA]UG,23S.ecoli,"23S.ecoli,2503,2505",2503,2505,23S.ecoli:2503[mA]
28,465.092941,27.828,17.6,,3,OH,iUG,OH,-2,light,1,0.021,0.0,,0.222,[mA]UG,23S.ecoli,"23S.ecoli,2503,2505",2503,2505,23S.ecoli:2503[mA]
29,469.075562,28.885,-22.6,y,3,OH,AAG,OH,-2,light,1,0.002,0.0,,0.111,-,23S.ecoli,"23S.ecoli,1126,1128;23S.ecoli,2820,2822;23S.ecoli,2030,2032;23S.ecoli,2530,2532;23S.ecoli,1889,1891;23S.ecoli,299,301;23S.ecoli,1700,1702;23S.ecoli,2287,2289;23S.ecoli,972,974;23S.ecoli,1847,1849;23S.ecoli,705,707;23S.ecoli,1876,1878;23S.ecoli,1544,1546;23S.ecoli,2134,2136;23S.ecoli,1419,1421;23S.ecoli,2733,2735;23S.ecoli,52,54;23S.ecoli,1069,1071;23S.ecoli,1039,1041;23S.ecoli,626,628;23S.ecoli,1155,1157;23S.ecoli,2411,2413;23S.ecoli,1433,1435;23S.ecoli,1246,1248;23S.ecoli,1301,1303;23S.ecoli,1664,1666;23S.ecoli,1754,1756;23S.ecoli,1213,1215;23S.ecoli,2809,2811",,,
30,469.075562,26.477,-22.6,y,3,OH,AAG,OH,-2,light,1,0.001,0.0,,0.056,-,23S.ecoli,"23S.ecoli,1126,1128;23S.ecoli,2820,2822;23S.ecoli,2030,2032;23S.ecoli,2530,2532;23S.ecoli,1889,1891;23S.ecoli,299,301;23S.ecoli,1700,1702;23S.ecoli,2287,2289;23S.ecoli,972,974;23S.ecoli,1847,1849;23S.ecoli,705,707;23S.ecoli,1876,1878;23S.ecoli,1544,1546;23S.ecoli,2134,2136;23S.ecoli,1419,1421;23S.ecoli,2733,2735;23S.ecoli,52,54;23S.ecoli,1069,1071;23S.ecoli,1039,1041;23S.ecoli,626,628;23S.ecoli,1155,1157;23S.ecoli,2411,2413;23S.ecoli,1433,1435;23S.ecoli,1246,1248;23S.ecoli,1301,1303;23S.ecoli,1664,1666;23S.ecoli,1754,1756;23S.ecoli,1213,1215;23S.ecoli,2809,2811",,,
31,469.075562,26.517,-22.6,y,3,OH,AAG,OH,-2,light,1,0.0,0,,0.056,-,23S.ecoli,"23S.ecoli,1126,1128;23S.ecoli,2820,2822;23S.ecoli,2030,2032;23S.ecoli,2530,2532;23S.ecoli,1889,1891;23S.ecoli,299,301;23S.ecoli,1700,1702;23S.ecoli,2287,2289;23S.ecoli,972,974;23S.ecoli,1847,1849;23S.ecoli,705,707;23S.ecoli,1876,1878;23S.ecoli,1544,1546;23S.ecoli,2134,2136;23S.ecoli,1419,1421;23S.ecoli,2733,2735;23S.ecoli,52,54;23S.ecoli,1069,1071;23S.ecoli,1039,1041;23S.ecoli,626,628;23S.ecoli,1155,1157;23S.ecoli,2411,2413;23S.ecoli,1433,1435;23S.ecoli,1246,1248;23S.ecoli,1301,1303;23S.ecoli,1664,1666;23S.ecoli,1754,1756;23S.ecoli,1213,1215;23S.ecoli,2809,2811",,,
32,469.597214,34.607,14.2,,3,OH,AAG,OH,-2,light,1,0.046,0.0,,0.278,-,23S.ecoli,"23S.ecoli,1126,1128;23S.ecoli,2820,2822;23S.ecoli,2030,2032;23S.ecoli,2530,2532;23S.ecoli,1889,1891;23S.ecoli,299,301;23S.ecoli,1700,1702;23S.ecoli,2287,2289;23S.ecoli,972,974;23S.ecoli,1847,1849;23S.ecoli,705,707;23S.ecoli,1876,1878;23S.ecoli,1544,1546;23S.ecoli,2134,2136;23S.ecoli,1419,1421;23S.ecoli,2733,2735;23S.ecoli,52,54;23S.ecoli,1069,1071;23S.ecoli,1039,1041;23S.ecoli,626,628;23S.ecoli,1155,1157;23S.ecoli,2411,2413;23S.ecoli,1433,1435;23S.ecoli,1246,1248;23S.ecoli,1301,1303;23S.ecoli,1664,1666;23S.ecoli,1754,1756;23S.ecoli,1213,1215;23S.ecoli,2809,2811",,,
33,469.597214,34.038,14.2,,3,OH,AAG,OH,-2,light,1,0.028,0.0,,0.167,-,23S.ecoli,"23S.ecoli,1126,1128;23S.ecoli,2820,2822;23S.ecoli,2030,2032;23S.ecoli,2530,2532;23S.ecoli,1889,1891;23S.ecoli,299,301;23S.ecoli,1700,1702;23S.ecoli,2287,2289;23S.ecoli,972,974;23S.ecoli,1847,1849;23S.ecoli,705,707;23S.ecoli,1876,1878;23S.ecoli,1544,1546;23S.ecoli,2134,2136;23S.ecoli,1419,1421;23S.ecoli,2733,2735;23S.ecoli,52,54;23S.ecoli,1069,1071;23S.ecoli,1039,1041;23S.ecoli,626,628;23S.ecoli,1155,1157;23S.ecoli,2411,2413;23S.ecoli,1433,1435;23S.ecoli,1246,1248;23S.ecoli,1301,1303;23S.ecoli,1664,1666;23S.ecoli,1754,1756;23S.ecoli,1213,1215;23S.ecoli,2809,2811",,,
34,469.597214,34.088,14.2,,3,OH,AAG,OH,-2,light,1,0.018,0.0,,0.111,-,23S.ecoli,"23S.ecoli,1126,1128;23S.ecoli,2820,2822;23S.ecoli,2030,2032;23S.ecoli,2530,2532;23S.ecoli,1889,1891;23S.ecoli,299,301;23S.ecoli,1700,1702;23S.ecoli,2287,2289;23S.ecoli,972,974;23S.ecoli,1847,1849;23S.ecoli,705,707;23S.ecoli,1876,1878;23S.ecoli,1544,1546;23S.ecoli,2134,2136;23S.ecoli,1419,1421;23S.ecoli,2733,2735;23S.ecoli,52,54;23S.ecoli,1069,1071;23S.ecoli,1039,1041;23S.ecoli,626,628;23S.ecoli,1155,1157;23S.ecoli,2411,2413;23S.ecoli,1433,1435;23S.ecoli,1246,1248;23S.ecoli,1301,1303;23S.ecoli,1664,1666;23S.ecoli,1754,1756;23S.ecoli,1213,1215;23S.ecoli,2809,2811",,,
35,469.597214,34.657,14.2,,3,OH,AAG,OH,-2,light,1,0.01,0.0,,0.167,-,23S.ecoli,"23S.ecoli,1126,1128;23S.ecoli,2820,2822;23S.ecoli,2030,2032;23S.ecoli,2530,2532;23S.ecoli,1889,1891;23S.ecoli,299,301;23S.ecoli,1700,1702;23S.ecoli,2287,2289;23S.ecoli,972,974;23S.ecoli,1847,1849;23S.ecoli,705,707;23S.ecoli,1876,1878;23S.ecoli,1544,1546;23S.ecoli,2134,2136;23S.ecoli,1419,1421;23S.ecoli,2733,2735;23S.ecoli,52,54;23S.ecoli,1069,1071;23S.ecoli,1039,1041;23S.ecoli,626,628;23S.ecoli,1155,1157;23S.ecoli,2411,2413;23S.ecoli,1433,1435;23S.ecoli,1246,1248;23S.ecoli,1301,1303;23S.ecoli,1664,1666;23S.ecoli,1754,1756;23S.ecoli,1213,1215;23S.ecoli,2809,2811",,,
36,476.605560,39.87,15.1,,3,OH,iAG,OH,-2,light,1,0.036,0.0,,0.278,[mA]AG,23S.ecoli,"23S.ecoli,2030,2032",2030,2032,23S.ecoli:2030[mA]
37,476.605560,39.909,15.1,,3,OH,iAG,OH,-2,light,1,0.034,0.0,,0.444,[mA]AG,23S.ecoli,"23S.ecoli,2030,2032",2030,2032,23S.ecoli:2030[mA]
38,492.579514,29.965,-27.9,,3,OH,jGG,OH,-2,light,1,0.0,0,0,0.0,[mG]GG,23S.ecoli,"23S.ecoli,2445,2447",2445,2447,23S.ecoli:2445[mG]
39,492.579514,29.965,-27.9,,3,OH,JGG,OH,-2,light,2,0.0,0,,0.0,[Gm]GG,23S.ecoli,"23S.ecoli,2251,2253",2251,2253,23S.ecoli:2251[Gm]
40,492.579514,29.965,-27.9,,3,OH,GjG,OH,-2,light,3,0.0,0,,0.0,G[mG]G,decoy,decoy,,,
41,492.579514,29.965,-27.9,,3,OH,GJG,OH,-2,light,4,0.0,0,,0.0,G[Gm]G,decoy,decoy,,,
42,492.579514,30.016,-27.9,,3,OH,jGG,OH,-2,light,1,0.0,0,0,0.0,[mG]GG,23S.ecoli,"23S.ecoli,2445,2447",2445,2447,23S.ecoli:2445[mG]
43,492.579514,30.016,-27.9,,3,OH,JGG,OH,-2,light,2,0.0,0,,0.0,[Gm]GG,23S.ecoli,"23S.ecoli,2251,2253",2251,2253,23S.ecoli:2251[Gm]
44,492.579514,30.016,-27.9,,3,OH,GjG,OH,-2,light,3,0.0,0,,0.0,G[mG]G,decoy,decoy,,,
45,492.579514,30.016,-27.9,,3,OH,GJG,OH,-2,light,4,0.0,0,,0.0,G[Gm]G,decoy,decoy,,,
46,598.107300,14.243,12.3,,4,OH,CCCG,OH,-2,light,1,0.169,0.0,,0.741,-,23S.ecoli,"23S.ecoli,1289,1292;23S.ecoli,2715,2718;23S.ecoli,1836,1839",,,
47,598.107300,14.288,12.3,,4,OH,CCCG,OH,-2,light,1,0.148,0.0,,0.741,-,23S.ecoli,"23S.ecoli,1289,1292;23S.ecoli,2715,2718;23S.ecoli,1836,1839",,,
48,598.599406,17.893,12.5,,4,OH,CCUG,OH,-2,light,1,0.131,0.0,0.59,0.704,-,23S.ecoli,"23S.ecoli,1832,1835;23S.ecoli,1207,1210;23S.ecoli,274,277;23S.ecoli,1117,1120",,,
49,598.599406,17.933,12.5,,4,OH,CCUG,OH,-2,light,1,0.117,0.0,0.22,0.704,-,23S.ecoli,"23S.ecoli,1832,1835;23S.ecoli,1207,1210;23S.ecoli,274,277;23S.ecoli,1117,1120",,,
50,598.599406,18.745,12.5,,4,OH,CUCG,OH,-2,light,1,0.102,0.0,0.26,0.63,-,23S.ecoli,"23S.ecoli,364,367;23S.ecoli,1293,1296",,,
51,598.599406,18.706,12.5,,4,OH,CUCG,OH,-2,light,1,0.101,0.0,0.17,0.593,-,23S.ecoli,"23S.ecoli,364,367;23S.ecoli,1293,1296",,,
52,598.599406,17.39,12.5,,4,OH,UCCG,OH,-2,light,1,0.089,0.0,0.13,0.481,-,23S.ecoli,"23S.ecoli,963,966",963,966,
53,598.599406,17.351,12.5,,4,OH,UCCG,OH,-2,light,1,0.054,0.0,0.06,0.37,-,23S.ecoli,"23S.ecoli,963,966",963,966,
54,599.091697,22.235,12.9,,4,OH,CUUG,OH,-2,light,1,0.159,0.0,0.49,0.704,-,23S.ecoli,"23S.ecoli,2084,2087;23S.ecoli,2342,2345;23S.ecoli,1646,1649",,,
55,599.091697,20.633,12.9,,4,OH,UCUG,OH,-2,light,1,0.112,0.0,0.28,0.407,-,23S.ecoli,"23S.ecoli,2149,2152;23S.ecoli,2231,2234;23S.ecoli,397,400;23S.ecoli,304,307",,,
56,599.091697,15.507,12.9,,4,OH,UUCG,OH,-2,light,1,0.102,0.0,0.67,0.63,-,23S.ecoli,"23S.ecoli,2554,2557;23S.ecoli,2689,2692;23S.ecoli,2604,2607",,,
57,599.091697,20.588,12.9,,4,OH,UCUG,OH,-2,light,1,0.099,0.0,0.31,0.556,-,23S.ecoli,"23S.ecoli,2149,2152;23S.ecoli,2231,2234;23S.ecoli,397,400;23S.ecoli,304,307",,,
58,599.091697,22.185,12.9,,4,OH,CUUG,OH,-2,light,1,0.081,0.0,0.33,0.519,-,23S.ecoli,"23S.ecoli,2084,2087;23S.ecoli,2342,2345;23S.ecoli,1646,1649",,,
59,599.091697,21.296,12.9,,4,OH,UUCG,OH,-2,light,1,0.059,0.0,0.66,0.37,-,23S.ecoli,"23S.ecoli,2554,2557;23S.ecoli,2689,2692;23S.ecoli,2604,2607",,,
60,599.091697,15.462,12.9,,4,OH,UUCG,OH,-2,light,1,0.047,0.0,0.53,0.407,-,23S.ecoli,"23S.ecoli,2554,2557;23S.ecoli,2689,2692;23S.ecoli,2604,2607",,,
61,599.091697,8.055,12.9,,4,OH,UUCG,OH,-2,light,1,0.025,0.0,0.24,0.185,-,23S.ecoli,"23S.ecoli,2554,2557;23S.ecoli,2689,2692;23S.ecoli,2604,2607",,,
62,599.091697,8.095,-7.7,y,4,OH,UCCG,OH,-2,light,1,0.018,0.0,0.0,0.148,-,23S.ecoli,"23S.ecoli,963,966",963,966,
63,599.091697,8.095,12.9,,4,OH,UCUG,OH,-2,light,2,0.018,0.0,,0.148,-,23S.ecoli,"23S.ecoli,2149,2152;23S.ecoli,2231,2234;23S.ecoli,397,400;23S.ecoli,304,307",,,
64,599.091697,8.095,12.9,,4,OH,UUCG,OH,-2,light,3,0.018,0.0,,0.148,-,23S.ecoli,"23S.ecoli,2554,2557;23S.ecoli,2689,2692;23S.ecoli,2604,2607",,,
65,599.091697,22.764,12.9,,4,OH,CUUG,OH,-2,light,1,0.018,0.0,0.17,0.296,-,23S.ecoli,"23S.ecoli,2084,2087;23S.ecoli,2342,2345;23S.ecoli,1646,1649",,,
66,599.091697,21.15,12.9,,4,OH,CUUG,OH,-2,light,1,0.006,0.0,0.0,0.111,-,23S.ecoli,"23S.ecoli,2084,2087;23S.ecoli,2342,2345;23S.ecoli,1646,1649",,,
67,599.091697,21.15,12.9,,4,OH,UCUG,OH,-2,light,2,0.006,0.0,,0.111,-,23S.ecoli,"23S.ecoli,2149,2152;23S.ecoli,2231,2234;23S.ecoli,397,400;23S.ecoli,304,307",,,
68,599.584137,25.007,13.6,,4,OH,UUUG,OH,-2,light,1,0.089,0.0,0.76,0.333,-,23S.ecoli,"23S.ecoli,2187,2190;23S.ecoli,2243,2246;23S.ecoli,2491,2494",,,
69,599.584137,24.962,13.6,,4,OH,UUUG,OH,-2,light,1,0.069,0.0,0.68,0.407,-,23S.ecoli,"23S.ecoli,2187,2190;23S.ecoli,2243,2246;23S.ecoli,2491,2494",,,
70,602.750305,23.831,13.4,,6,OH,UUCCUG,OH,-3,light,1,0.031,0.0,0.77,0.267,-,23S.ecoli,"23S.ecoli,1312,1317",1312,1317,
71,602.750305,23.668,13.4,,6,OH,CUCUUG,OH,-3,light,1,0.011,0.0,0.36,0.156,-,23S.ecoli,"23S.ecoli,1879,1884",1879,1884,
72,602.750305,23.668,13.4,,6,OH,CCUUUG,OH,-3,light,2,0.011,0.0,,0.156,-,decoy,decoy,,,
73,605.607819,24.669,13.3,,4,OH,CCUj,OH,-2,light,1,0.119,0.0,,0.63,CCU[mG],23S.ecoli,"23S.ecoli,1832,1835",1832,1835,23S.ecoli:1835[mG]
74,605.607819,24.624,13.3,,4,OH,CCUj,OH,-2,light,1,0.068,0.0,,0.519,CCU[mG],23S.ecoli,"23S.ecoli,1832,1835",1832,1835,23S.ecoli:1835[mG]
75,609.592667,18.874,-14.0,y,4,OH,CACG,OH,-2,light,1,0.013,0.0,0.38,0.185,-,23S.ecoli,"23S.ecoli,1704,1707;23S.ecoli,540,543;23S.ecoli,2283,2286;23S.ecoli,1965,1968;23S.ecoli,2760,2763",,,
76,609.592667,17.787,-14.0,y,4,OH,CACG,OH,-2,light,1,0.01,0.0,0.3,0.222,-,23S.ecoli,"23S.ecoli,1704,1707;23S.ecoli,540,543;23S.ecoli,2283,2286;23S.ecoli,1965,1968;23S.ecoli,2760,2763",,,
77,609.592667,17.748,-14.0,y,4,OH,CACG,OH,-2,light,1,0.007,0.0,0.29,0.185,-,23S.ecoli,"23S.ecoli,1704,1707;23S.ecoli,540,543;23S.ecoli,2283,2286;23S.ecoli,1965,1968;23S.ecoli,2760,2763",,,
78,609.592667,18.835,-14.0,y,4,OH,ACCG,OH,-2,light,1,0.003,0.0,0.0,0.111,-,23S.ecoli,"23S.ecoli,990,993;23S.ecoli,2665,2668;23S.ecoli,730,733;23S.ecoli,443,446",,,
79,609.592667,18.835,-14.0,y,4,OH,CACG,OH,-2,light,2,0.003,0.0,,0.111,-,23S.ecoli,"23S.ecoli,1704,1707;23S.ecoli,540,543;23S.ecoli,2283,2286;23S.ecoli,1965,1968;23S.ecoli,2760,2763",,,
80,609.769989,23.465,13.2,,6,OH,ACCCCG,OH,-3,light,1,0.033,0.0,0.42,0.289,-,23S.ecoli,"23S.ecoli,2062,2067",2062,2067,
81,609.769989,23.51,13.2,,6,OH,ACCCCG,OH,-3,light,1,0.03,0.0,0.7,0.267,-,23S.ecoli,"23S.ecoli,2062,2067",2062,2067,
82,610.101699,20.908,-6.3,,4,OH,CACG,OH,-2,light,1,0.182,0.0,0.38,0.741,-,23S.ecoli,"23S.ecoli,1704,1707;23S.ecoli,540,543;23S.ecoli,2283,2286;23S.ecoli,1965,1968;23S.ecoli,2760,2763",,,
83,610.101699,25.334,13.9,y,4,OH,CAUG,OH,-2,light,1,0.173,0.0,0.5,0.815,-,23S.ecoli,"23S.ecoli,2153,2156;23S.ecoli,1229,1232",,,
84,610.101699,25.419,13.9,y,4,OH,CAUG,OH,-2,light,1,0.168,0.0,0.52,0.815,-,23S.ecoli,"23S.ecoli,2153,2156;23S.ecoli,1229,1232",,,
85,610.101699,21.509,-6.3,,4,OH,CCAG,OH,-2,light,1,0.156,0.0,0.65,0.741,-,23S.ecoli,"23S.ecoli,994,997;23S.ecoli,1052,1055;23S.ecoli,2145,2148;23S.ecoli,2338,2341;23S.ecoli,1985,1988",,,
86,610.101699,20.953,-6.3,,4,OH,CACG,OH,-2,light,1,0.149,0.0,0.42,0.667,-,23S.ecoli,"23S.ecoli,1704,1707;23S.ecoli,540,543;23S.ecoli,2283,2286;23S.ecoli,1965,1968;23S.ecoli,2760,2763",,,
87,610.101699,21.47,-6.3,,4,OH,CCAG,OH,-2,light,1,0.113,0.0,0.52,0.667,-,23S.ecoli,"23S.ecoli,994,997;23S.ecoli,1052,1055;23S.ecoli,2145,2148;23S.ecoli,2338,2341;23S.ecoli,1985,1988",,,
88,610.101699,22.049,-6.3,,4,OH,ACCG,OH,-2,light,1,0.108,0.0,0.31,0.481,-,23S.ecoli,"23S.ecoli,990,993;23S.ecoli,2665,2668;23S.ecoli,730,733;23S.ecoli,443,446",,,
89,610.101699,22.089,-6.3,,4,OH,ACCG,OH,-2,light,1,0.094,0.0,0.18,0.444,-,23S.ecoli,"23S.ecoli,990,993;23S.ecoli,2665,2668;23S.ecoli,730,733;23S.ecoli,443,446",,,
90,610.101699,24.05,13.9,y,4,OH,UACG,OH,-2,light,1,0.066,0.0,0.64,0.481,-,23S.ecoli,"23S.ecoli,521,524;23S.ecoli,2656,2659;23S.ecoli,2571,2574",,,
91,610.101699,20.868,-6.3,,4,OH,CACG,OH,-2,light,1,0.059,0.0,0.32,0.481,-,23S.ecoli,"23S.ecoli,1704,1707;23S.ecoli,540,543;23S.ecoli,2283,2286;23S.ecoli,1965,1968;23S.ecoli,2760,2763",,,
92,610.101699,26.044,13.9,y,4,OH,ACUG,OH,-2,light,1,0.05,0.0,0.56,0.444,-,23S.ecoli,"23S.ecoli,439,442;23S.ecoli,2247,2250;23S.ecoli,556,559;23S.ecoli,2346,2349",,,
93,610.101699,24.584,13.9,y,4,OH,UACG,OH,-2,light,1,0.025,0.0,0.28,0.296,-,23S.ecoli,"23S.ecoli,521,524;23S.ecoli,2656,2659;23S.ecoli,2571,2574",,,
94,610.101699,24.629,13.9,y,4,OH,UCAG,OH,-2,light,1,0.02,0.0,0.45,0.333,-,23S.ecoli,"23S.ecoli,580,583;23S.ecoli,40,43;23S.ecoli,1624,1627",,,
95,610.101699,24.629,13.9,y,4,OH,CUAG,OH,-2,light,2,0.02,0.0,,0.333,-,decoy,decoy,,,
96,610.101699,22.606,-6.3,,4,OH,CACG,OH,-2,light,1,0.017,0.0,0.41,0.296,-,23S.ecoli,"23S.ecoli,1704,1707;23S.ecoli,540,543;23S.ecoli,2283,2286;23S.ecoli,1965,1968;23S.ecoli,2760,2763",,,
97,610.101699,20.717,13.9,y,4,OH,UACG,OH,-2,light,1,0.004,0.0,0.75,0.111,-,23S.ecoli,"23S.ecoli,521,524;23S.ecoli,2656,2659;23S.ecoli,2571,2574",,,
98,610.101699,15.547,13.9,y,4,OH,CAUG,OH,-2,light,1,0.002,0.0,0.5,0.074,-,23S.ecoli,"23S.ecoli,2153,2156;23S.ecoli,1229,1232",,,
99,610.101699,20.678,13.9,y,4,OH,CAUG,OH,-2,light,1,0.001,0.0,1.0,0.074,-,23S.ecoli,"23S.ecoli,2153,2156;23S.ecoli,1229,1232",,,
100,610.424316,27.293,23.9,y,6,OH,UUACUG,OH,-3,light,1,0.006,0.0,0.17,0.111,-,23S.ecoli,"23S.ecoli,1411,1416",1411,1416,
101,610.584900,25.132,-20.7,,4,OH,CAUG,OH,-2,light,1,0.021,0.0,0.38,0.407,-,23S.ecoli,"23S.ecoli,2153,2156;23S.ecoli,1229,1232",,,
102,610.584900,25.092,-0.6,y,4,OH,UAUG,OH,-2,light,1,0.013,0.0,0.15,0.259,-,23S.ecoli,"23S.ecoli,2546,2549",2546,2549,
103,610.607063,25.227,15.6,,4,OH,CAUG,OH,-2,light,1,0.151,0.0,0.32,0.741,-,23S.ecoli,"23S.ecoli,2153,2156;23S.ecoli,1229,1232",,,
104,610.607063,26.86,15.6,,4,OH,AUCG,OH,-2,light,1,0.133,0.0,0.59,0.667,-,23S.ecoli,"23S.ecoli,1885,1888",1885,1888,
105,610.607063,25.278,15.6,,4,OH,CAUG,OH,-2,light,1,0.123,0.0,0.31,0.741,-,23S.ecoli,"23S.ecoli,2153,2156;23S.ecoli,1229,1232",,,
106,610.607063,25.83,15.6,,4,OH,ACUG,OH,-2,light,1,0.116,0.0,0.31,0.667,-,23S.ecoli,"23S.ecoli,439,442;23S.ecoli,2247,2250;23S.ecoli,556,559;23S.ecoli,2346,2349",,,
107,610.607063,25.79,15.6,,4,OH,ACUG,OH,-2,light,1,0.102,0.0,0.05,0.556,-,23S.ecoli,"23S.ecoli,439,442;23S.ecoli,2247,2250;23S.ecoli,556,559;23S.ecoli,2346,2349",,,
108,610.607063,26.82,15.6,,4,OH,AUCG,OH,-2,light,1,0.063,0.0,0.32,0.556,-,23S.ecoli,"23S.ecoli,1885,1888",1885,1888,
109,610.607063,24.674,15.6,,4,OH,UACG,OH,-2,light,1,0.04,0.0,0.35,0.407,-,23S.ecoli,"23S.ecoli,521,524;23S.ecoli,2656,2659;23S.ecoli,2571,2574",,,
110,610.607063,24.714,15.6,,4,OH,UCAG,OH,-2,light,1,0.01,0.0,0.4,0.148,-,23S.ecoli,"23S.ecoli,580,583;23S.ecoli,40,43;23S.ecoli,1624,1627",,,
111,610.753723,26.691,12.7,,6,OH,UUACUG,OH,-3,light,1,0.026,0.0,0.65,0.244,-,23S.ecoli,"23S.ecoli,1411,1416",1411,1416,
112,610.753723,26.646,12.7,,6,OH,UUACUG,OH,-3,light,1,0.017,0.0,0.71,0.222,-,23S.ecoli,"23S.ecoli,1411,1416",1411,1416,
113,610.753723,27.783,12.7,,6,OH,UACUUG,OH,-3,light,1,0.015,0.0,0.27,0.2,-,23S.ecoli,"23S.ecoli,1402,1407",1402,1407,
114,610.753723,27.833,12.7,,6,OH,UUACUG,OH,-3,light,1,0.01,0.0,0.3,0.111,-,23S.ecoli,"23S.ecoli,1411,1416",1411,1416,
115,611.096975,28.638,12.1,,4,OH,UUAG,OH,-2,light,1,0.112,0.0,0.59,0.519,-,23S.ecoli,"23S.ecoli,1864,1867;23S.ecoli,2320,2323;23S.ecoli,292,295",,,
116,611.096975,30.949,12.1,,4,OH,AUUG,OH,-2,light,1,0.097,0.0,0.62,0.519,-,decoy,decoy,,,
117,611.096975,28.688,12.1,,4,OH,UUAG,OH,-2,light,1,0.064,0.0,0.72,0.519,-,23S.ecoli,"23S.ecoli,1864,1867;23S.ecoli,2320,2323;23S.ecoli,292,295",,,
118,611.096975,28.126,12.1,,4,OH,UAUG,OH,-2,light,1,0.062,0.0,0.5,0.37,-,23S.ecoli,"23S.ecoli,2546,2549",2546,2549,
119,611.096975,28.081,12.1,,4,OH,UAUG,OH,-2,light,1,0.029,0.0,0.59,0.222,-,23S.ecoli,"23S.ecoli,2546,2549",2546,2549,
120,611.096975,31.0,12.1,,4,OH,AUUG,OH,-2,light,1,0.009,0.0,0.33,0.259,-,decoy,decoy,,,
121,617.769562,25.013,6.3,,6,OH,CCCAAG,OH,-3,light,1,0.024,0.0,0.92,0.244,-,23S.ecoli,"23S.ecoli,2465,2470",2465,2470,
122,617.769562,25.052,6.3,,6,OH,CCCAAG,OH,-3,light,1,0.014,0.0,0.93,0.178,-,23S.ecoli,"23S.ecoli,2465,2470",2465,2470,
123,618.100362,33.519,10.8,,6,OH,AACUCG,OH,-3,light,1,0.032,0.0,0.25,0.222,-,23S.ecoli,"23S.ecoli,2019,2024;23S.ecoli,1654,1659",,,
124,618.100362,33.558,10.8,,6,OH,AACUCG,OH,-3,light,1,0.032,0.0,0.44,0.333,-,23S.ecoli,"23S.ecoli,2019,2024;23S.ecoli,1654,1659",,,
125,618.100362,28.137,10.8,,6,OH,ACUCAG,OH,-3,light,1,0.029,0.0,0.28,0.244,-,23S.ecoli,"23S.ecoli,2005,2010",2005,2010,
126,618.100362,26.933,10.8,,6,OH,ACCAUG,OH,-3,light,1,0.025,0.0,0.48,0.267,-,decoy,decoy,,,
127,618.100362,26.978,10.8,,6,OH,ACCUAG,OH,-3,light,1,0.024,0.0,0.17,0.2,-,decoy,decoy,,,
128,618.100362,29.161,10.8,,6,OH,ACUCAG,OH,-3,light,1,0.018,0.0,0.0,0.178,-,23S.ecoli,"23S.ecoli,2005,2010",2005,2010,
129,618.100362,29.161,24.1,y,6,OH,UAUCAG,OH,-3,light,2,0.018,0.0,,0.2,-,23S.ecoli,"23S.ecoli,1240,1245",1240,1245,
130,618.100362,25.964,10.8,,6,OH,CUACAG,OH,-3,light,1,0.017,0.0,0.47,0.2,-,decoy,decoy,,,
131,618.100362,28.177,10.8,,6,OH,CAACUG,OH,-3,light,1,0.017,0.0,0.0,0.244,-,23S.ecoli,"23S.ecoli,1771,1776",1771,1776,
132,618.100362,28.177,24.1,y,6,OH,UAUACG,OH,-3,light,2,0.017,0.0,,0.222,-,23S.ecoli,"23S.ecoli,1818,1823",1818,1823,
133,618.100362,29.122,10.8,,6,OH,CACAUG,OH,-3,light,1,0.015,0.0,0.07,0.222,-,23S.ecoli,"23S.ecoli,351,356",351,356,
134,618.100362,29.763,24.1,y,6,OH,UAUACG,OH,-3,light,1,0.014,0.0,0.36,0.244,-,23S.ecoli,"23S.ecoli,1818,1823",1818,1823,
135,618.100362,26.004,10.8,,6,OH,CUAACG,OH,-3,light,1,0.012,0.0,0.33,0.222,-,23S.ecoli,"23S.ecoli,957,962",957,962,
136,618.100362,29.718,24.1,y,6,OH,UCAUAG,OH,-3,light,1,0.008,0.0,0.12,0.111,-,23S.ecoli,"23S.ecoli,2384,2389",2384,2389,
137,618.428726,34.342,11.3,,6,OH,AUCUAG,OH,-3,light,1,0.016,0.0,0.56,0.222,-,23S.ecoli,"23S.ecoli,685,690",685,690,
138,618.428726,30.437,11.3,,6,OH,UAUCAG,OH,-3,light,1,0.015,0.0,0.33,0.178,-,23S.ecoli,"23S.ecoli,1240,1245",1240,1245,
139,618.428726,34.296,11.3,,6,OH,CUAUAG,OH,-3,light,1,0.005,0.0,0.2,0.089,-,decoy,decoy,,,
140,618.428726,34.296,24.6,y,6,OH,UAUAUG,OH,-3,light,2,0.005,0.0,,0.111,-,decoy,decoy,,,
141,618.428726,30.487,-1.9,y,6,OH,CAUCAG,OH,-3,light,1,0.004,0.0,0.0,0.111,-,23S.ecoli,"23S.ecoli,1582,1587",1582,1587,
142,618.428726,30.487,-1.9,y,6,OH,CUACAG,OH,-3,light,2,0.004,0.0,,0.111,-,decoy,decoy,,,
143,618.428726,30.487,-1.9,y,6,OH,AUCCAG,OH,-3,light,3,0.004,0.0,,0.111,-,decoy,decoy,,,
144,618.428726,30.487,11.3,,6,OH,UAUCAG,OH,-3,light,4,0.004,0.0,,0.111,-,23S.ecoli,"23S.ecoli,1240,1245",1240,1245,
145,618.428726,30.487,11.3,,6,OH,UCAUAG,OH,-3,light,5,0.004,0.0,,0.111,-,23S.ecoli,"23S.ecoli,2384,2389",2384,2389,
146,618.757767,32.597,13.0,,6,OH,UUUAAG,OH,-3,light,1,0.025,0.0,0.6,0.267,-,23S.ecoli,"23S.ecoli,1466,1471",1466,1471,
147,618.757767,31.658,13.0,,6,OH,UUAAUG,OH,-3,light,1,0.019,0.0,0.63,0.178,-,23S.ecoli,"23S.ecoli,170,175",170,175,
148,618.757767,31.708,13.0,,6,OH,UUAAUG,OH,-3,light,1,0.014,0.0,0.43,0.156,-,23S.ecoli,"23S.ecoli,170,175",170,175,
149,618.757767,32.658,13.0,,6,OH,UUUAAG,OH,-3,light,1,0.008,0.0,0.12,0.133,-,23S.ecoli,"23S.ecoli,1466,1471",1466,1471,
150,621.596725,24.331,-16.3,y,4,OH,AACG,OH,-2,light,1,0.008,0.0,0.12,0.111,-,23S.ecoli,"23S.ecoli,2813,2816;23S.ecoli,2589,2592;23S.ecoli,255,258",,,
151,621.596725,25.723,-16.3,y,4,OH,ACAG,OH,-2,light,1,0.005,0.0,0.4,0.148,-,23S.ecoli,"23S.ecoli,2225,2228;23S.ecoli,1048,1051;23S.ecoli,330,333;23S.ecoli,2600,2603",,,
152,621.596725,24.196,-16.3,y,4,OH,ACAG,OH,-2,light,1,0.001,0.0,0.0,0.074,-,23S.ecoli,"23S.ecoli,2225,2228;23S.ecoli,1048,1051;23S.ecoli,330,333;23S.ecoli,2600,2603",,,
153,621.596725,24.196,-16.3,y,4,OH,CAAG,OH,-2,light,2,0.001,0.0,,0.074,-,23S.ecoli,"23S.ecoli,601,604;23S.ecoli,2050,2053;23S.ecoli,1870,1873;23S.ecoli,876,879",,,
154,621.596725,25.684,-16.3,y,4,OH,AACG,OH,-2,light,1,0.001,0.0,0.0,0.037,-,23S.ecoli,"23S.ecoli,2813,2816;23S.ecoli,2589,2592;23S.ecoli,255,258",,,
155,621.596725,25.684,-16.3,y,4,OH,ACAG,OH,-2,light,2,0.001,0.0,,0.037,-,23S.ecoli,"23S.ecoli,2225,2228;23S.ecoli,1048,1051;23S.ecoli,330,333;23S.ecoli,2600,2603",,,
156,621.596725,25.684,-16.3,y,4,OH,CAAG,OH,-2,light,3,0.001,0.0,,0.037,-,23S.ecoli,"23S.ecoli,601,604;23S.ecoli,2050,2053;23S.ecoli,1870,1873;23S.ecoli,876,879",,,
157,622.099548,33.176,1.1,y,4,OH,AUAG,OH,-2,light,1,0.092,0.0,0.17,0.519,-,23S.ecoli,"23S.ecoli,2117,2120;23S.ecoli,2835,2838;23S.ecoli,447,450;23S.ecoli,802,805",,,
158,622.117926,27.732,10.9,,4,OH,CAAG,OH,-2,light,1,0.147,0.0,0.37,0.63,-,23S.ecoli,"23S.ecoli,601,604;23S.ecoli,2050,2053;23S.ecoli,1870,1873;23S.ecoli,876,879",,,
159,622.117926,29.914,10.9,,4,OH,AACG,OH,-2,light,1,0.102,0.0,0.8,0.481,-,23S.ecoli,"23S.ecoli,2813,2816;23S.ecoli,2589,2592;23S.ecoli,255,258",,,
160,622.117926,29.864,10.9,,4,OH,AACG,OH,-2,light,1,0.095,0.0,0.67,0.593,-,23S.ecoli,"23S.ecoli,2813,2816;23S.ecoli,2589,2592;23S.ecoli,255,258",,,
161,622.117926,27.687,10.9,,4,OH,CAAG,OH,-2,light,1,0.06,0.0,0.12,0.519,-,23S.ecoli,"23S.ecoli,601,604;23S.ecoli,2050,2053;23S.ecoli,1870,1873;23S.ecoli,876,879",,,
162,622.117926,28.233,10.9,,4,OH,CAAG,OH,-2,light,1,0.047,0.0,0.36,0.37,-,23S.ecoli,"23S.ecoli,601,604;23S.ecoli,2050,2053;23S.ecoli,1870,1873;23S.ecoli,876,879",,,
163,622.117926,28.846,10.9,,4,OH,ACAG,OH,-2,light,1,0.037,0.0,0.38,0.259,-,23S.ecoli,"23S.ecoli,2225,2228;23S.ecoli,1048,1051;23S.ecoli,330,333;23S.ecoli,2600,2603",,,
164,622.117926,28.278,10.9,,4,OH,CAAG,OH,-2,light,1,0.024,0.0,0.25,0.296,-,23S.ecoli,"23S.ecoli,601,604;23S.ecoli,2050,2053;23S.ecoli,1870,1873;23S.ecoli,876,879",,,
165,622.117926,30.814,10.9,,4,OH,ACAG,OH,-2,light,1,0.02,0.0,0.15,0.259,-,23S.ecoli,"23S.ecoli,2225,2228;23S.ecoli,1048,1051;23S.ecoli,330,333;23S.ecoli,2600,2603",,,
166,622.117926,28.784,10.9,,4,OH,ACAG,OH,-2,light,1,0.017,0.0,0.0,0.222,-,23S.ecoli,"23S.ecoli,2225,2228;23S.ecoli,1048,1051;23S.ecoli,330,333;23S.ecoli,2600,2603",,,
167,622.117926,28.784,10.9,,4,OH,CAAG,OH,-2,light,2,0.017,0.0,,0.222,-,23S.ecoli,"23S.ecoli,601,604;23S.ecoli,2050,2053;23S.ecoli,1870,1873;23S.ecoli,876,879",,,
168,622.117926,30.859,10.9,,4,OH,CAAG,OH,-2,light,1,0.016,0.0,0.38,0.222,-,23S.ecoli,"23S.ecoli,601,604;23S.ecoli,2050,2053;23S.ecoli,1870,1873;23S.ecoli,876,879",,,
169,622.611275,30.943,13.0,,4,OH,UAAG,OH,-2,light,1,0.119,0.0,0.16,0.481,-,23S.ecoli,"23S.ecoli,1203,1206;23S.ecoli,1951,1954;23S.ecoli,82,85;23S.ecoli,2849,2852",,,
170,622.611275,34.291,13.0,,4,OH,AAUG,OH,-2,light,1,0.094,0.0,0.77,0.481,-,23S.ecoli,"23S.ecoli,2406,2409;23S.ecoli,1253,1256;23S.ecoli,927,930;23S.ecoli,1969,1972;23S.ecoli,118,121",,,
171,622.611275,33.215,13.0,,4,OH,AUAG,OH,-2,light,1,0.079,0.0,0.11,0.444,-,23S.ecoli,"23S.ecoli,2117,2120;23S.ecoli,2835,2838;23S.ecoli,447,450;23S.ecoli,802,805",,,
172,622.611275,33.125,13.0,,4,OH,AUAG,OH,-2,light,1,0.078,0.0,0.22,0.519,-,23S.ecoli,"23S.ecoli,2117,2120;23S.ecoli,2835,2838;23S.ecoli,447,450;23S.ecoli,802,805",,,
173,622.611275,34.803,13.0,,4,OH,AAUG,OH,-2,light,1,0.067,0.0,0.64,0.519,-,23S.ecoli,"23S.ecoli,2406,2409;23S.ecoli,1253,1256;23S.ecoli,927,930;23S.ecoli,1969,1972;23S.ecoli,118,121",,,
174,622.611275,34.848,13.0,,4,OH,AAUG,OH,-2,light,1,0.053,0.0,0.45,0.37,-,23S.ecoli,"23S.ecoli,2406,2409;23S.ecoli,1253,1256;23S.ecoli,927,930;23S.ecoli,1969,1972;23S.ecoli,118,121",,,
175,622.611275,30.898,13.0,,4,OH,UAAG,OH,-2,light,1,0.044,0.0,0.11,0.259,-,23S.ecoli,"23S.ecoli,1203,1206;23S.ecoli,1951,1954;23S.ecoli,82,85;23S.ecoli,2849,2852",,,
176,622.611275,33.731,13.0,,4,OH,UAAG,OH,-2,light,1,0.028,0.0,0.21,0.296,-,23S.ecoli,"23S.ecoli,1203,1206;23S.ecoli,1951,1954;23S.ecoli,82,85;23S.ecoli,2849,2852",,,
177,625.754028,29.926,-11.5,y,6,OH,ACAAUG,OH,-3,light,1,0.007,0.0,0.43,0.111,-,decoy,decoy,,,
178,625.776703,31.095,11.6,,6,OH,AAACCG,OH,-3,light,1,0.079,0.0,0.81,0.4,-,23S.ecoli,"23S.ecoli,631,636;23S.ecoli,513,518",,,
179,625.776703,31.05,11.6,,6,OH,AAACCG,OH,-3,light,1,0.027,0.0,0.63,0.289,-,23S.ecoli,"23S.ecoli,631,636;23S.ecoli,513,518",,,
180,625.776703,32.76,11.6,,6,OH,AACCAG,OH,-3,light,1,0.018,0.0,0.0,0.244,-,23S.ecoli,"23S.ecoli,453,458",453,458,
181,625.776703,32.76,24.7,y,6,OH,AAUCAG,OH,-3,light,2,0.018,0.0,,0.244,-,23S.ecoli,"23S.ecoli,278,283",278,283,
182,625.776703,31.647,11.6,,6,OH,CACAAG,OH,-3,light,1,0.017,0.0,0.29,0.244,-,decoy,decoy,,,
183,625.776703,31.647,11.6,,6,OH,CCAAAG,OH,-3,light,2,0.017,0.0,,0.244,-,decoy,decoy,,,
184,626.105370,33.069,12.7,,6,OH,AUACAG,OH,-3,light,1,0.044,0.0,0.5,0.289,-,23S.ecoli,"23S.ecoli,320,325",320,325,
185,626.105370,33.069,12.7,,6,OH,UAACAG,OH,-3,light,2,0.044,0.0,,0.289,-,decoy,decoy,,,
186,626.105370,35.175,12.7,,6,OH,AACUAG,OH,-3,light,1,0.021,0.0,0.14,0.178,-,23S.ecoli,"23S.ecoli,1668,1673",1668,1673,
187,626.105370,35.77,12.7,,6,OH,AACUAG,OH,-3,light,1,0.016,0.0,0.44,0.178,-,23S.ecoli,"23S.ecoli,1668,1673",1668,1673,
188,626.105370,29.824,12.7,,6,OH,AAAUCG,OH,-3,light,1,0.015,0.0,0.4,0.156,-,decoy,decoy,,,
189,626.105370,35.725,12.7,,6,OH,AACUAG,OH,-3,light,1,0.011,0.0,0.27,0.178,-,23S.ecoli,"23S.ecoli,1668,1673",1668,1673,
190,626.105370,33.024,12.7,,6,OH,AUACAG,OH,-3,light,1,0.006,0.0,0.33,0.156,-,23S.ecoli,"23S.ecoli,320,325",320,325,
191,626.105370,33.024,25.8,y,6,OH,AAUUAG,OH,-3,light,2,0.006,0.0,,0.133,-,decoy,decoy,,,
192,626.105370,32.006,12.7,,6,OH,AUCAAG,OH,-3,light,1,0.005,0.0,0.4,0.111,-,decoy,decoy,,,
193,626.105370,35.113,12.7,,6,OH,ACAUAG,OH,-3,light,1,0.005,0.0,0.4,0.111,-,decoy,decoy,,,
194,630.449646,32.602,13.2,,6,OH,ACACiG,OH,-3,light,1,0.027,0.0,,0.267,ACAC[mA]G,23S.ecoli,"23S.ecoli,1614,1619",1614,1619,23S.ecoli:1618[mA]
195,633.602061,34.567,-16.4,y,4,OH,AAAG,OH,-2,light,1,0.009,0.0,,0.185,-,23S.ecoli,"23S.ecoli,470,473;23S.ecoli,309,312;23S.ecoli,819,822;23S.ecoli,1808,1811;23S.ecoli,1088,1091;23S.ecoli,2748,2751;23S.ecoli,2058,2061;23S.ecoli,781,784;23S.ecoli,1365,1368;23S.ecoli,2376,2379",,,
196,633.602061,33.334,-16.4,y,4,OH,AAAG,OH,-2,light,1,0.008,0.0,,0.148,-,23S.ecoli,"23S.ecoli,470,473;23S.ecoli,309,312;23S.ecoli,819,822;23S.ecoli,1808,1811;23S.ecoli,1088,1091;23S.ecoli,2748,2751;23S.ecoli,2058,2061;23S.ecoli,781,784;23S.ecoli,1365,1368;23S.ecoli,2376,2379",,,
197,633.602061,33.294,-16.4,y,4,OH,AAAG,OH,-2,light,1,0.002,0.0,,0.074,-,23S.ecoli,"23S.ecoli,470,473;23S.ecoli,309,312;23S.ecoli,819,822;23S.ecoli,1808,1811;23S.ecoli,1088,1091;23S.ecoli,2748,2751;23S.ecoli,2058,2061;23S.ecoli,781,784;23S.ecoli,1365,1368;23S.ecoli,2376,2379",,,
198,633.602061,31.005,-16.4,y,4,OH,AAAG,OH,-2,light,1,0.001,0.0,,0.037,-,23S.ecoli,"23S.ecoli,470,473;23S.ecoli,309,312;23S.ecoli,819,822;23S.ecoli,1808,1811;23S.ecoli,1088,1091;23S.ecoli,2748,2751;23S.ecoli,2058,2061;23S.ecoli,781,784;23S.ecoli,1365,1368;23S.ecoli,2376,2379",,,
199,633.602061,30.955,-16.4,y,4,OH,AAAG,OH,-2,light,1,0.0,0,,0.037,-,23S.ecoli,"23S.ecoli,470,473;23S.ecoli,309,312;23S.ecoli,819,822;23S.ecoli,1808,1811;23S.ecoli,1088,1091;23S.ecoli,2748,2751;23S.ecoli,2058,2061;23S.ecoli,781,784;23S.ecoli,1365,1368;23S.ecoli,2376,2379",,,
200,633.602061,34.466,-16.4,y,4,OH,AAAG,OH,-2,light,1,0.0,0,,0.037,-,23S.ecoli,"23S.ecoli,470,473;23S.ecoli,309,312;23S.ecoli,819,822;23S.ecoli,1808,1811;23S.ecoli,1088,1091;23S.ecoli,2748,2751;23S.ecoli,2058,2061;23S.ecoli,781,784;23S.ecoli,1365,1368;23S.ecoli,2376,2379",,,
201,634.124054,36.371,11.5,,4,OH,AAAG,OH,-2,light,1,0.139,0.0,,0.556,-,23S.ecoli,"23S.ecoli,470,473;23S.ecoli,309,312;23S.ecoli,819,822;23S.ecoli,1808,1811;23S.ecoli,1088,1091;23S.ecoli,2748,2751;23S.ecoli,2058,2061;23S.ecoli,781,784;23S.ecoli,1365,1368;23S.ecoli,2376,2379",,,
202,634.124054,36.321,11.5,,4,OH,AAAG,OH,-2,light,1,0.121,0.0,,0.556,-,23S.ecoli,"23S.ecoli,470,473;23S.ecoli,309,312;23S.ecoli,819,822;23S.ecoli,1808,1811;23S.ecoli,1088,1091;23S.ecoli,2748,2751;23S.ecoli,2058,2061;23S.ecoli,781,784;23S.ecoli,1365,1368;23S.ecoli,2376,2379",,,
203,634.124054,36.909,11.5,,4,OH,AAAG,OH,-2,light,1,0.078,0.0,,0.444,-,23S.ecoli,"23S.ecoli,470,473;23S.ecoli,309,312;23S.ecoli,819,822;23S.ecoli,1808,1811;23S.ecoli,1088,1091;23S.ecoli,2748,2751;23S.ecoli,2058,2061;23S.ecoli,781,784;23S.ecoli,1365,1368;23S.ecoli,2376,2379",,,
204,634.124054,36.954,11.5,,4,OH,AAAG,OH,-2,light,1,0.063,0.0,,0.444,-,23S.ecoli,"23S.ecoli,470,473;23S.ecoli,309,312;23S.ecoli,819,822;23S.ecoli,1808,1811;23S.ecoli,1088,1091;23S.ecoli,2748,2751;23S.ecoli,2058,2061;23S.ecoli,781,784;23S.ecoli,1365,1368;23S.ecoli,2376,2379",,,
205,650.095001,13.898,-25.7,,4,OH,AGGG,OH,-2,light,1,0.006,0.0,0.67,0.148,-,23S.ecoli,"23S.ecoli,2639,2642;23S.ecoli,466,469;23S.ecoli,492,495;23S.ecoli,975,978",,,
206,650.095001,13.858,-25.7,,4,OH,GAGG,OH,-2,light,1,0.002,0.0,0.0,0.148,-,23S.ecoli,"23S.ecoli,2316,2319;23S.ecoli,726,729;23S.ecoli,1236,1239;23S.ecoli,2277,2280;23S.ecoli,2125,2128",,,
207,650.095001,13.858,-25.7,,4,OH,GGAG,OH,-2,light,2,0.002,0.0,,0.148,-,23S.ecoli,"23S.ecoli,619,622;23S.ecoli,798,801;23S.ecoli,495,498;23S.ecoli,260,263;23S.ecoli,2124,2127;23S.ecoli,1192,1195;23S.ecoli,536,539;23S.ecoli,1696,1699;23S.ecoli,939,942",,,
208,704.102509,22.55,11.2,,7,OH,UCCCUCG,OH,-3,light,1,0.049,0.0,,0.352,-,23S.ecoli,"23S.ecoli,1725,1731",1725,1731,
209,704.102509,22.499,11.2,,7,OH,UCCCUCG,OH,-3,light,1,0.043,0.0,,0.352,-,23S.ecoli,"23S.ecoli,1725,1731",1725,1731,
210,711.778320,22.993,11.1,,7,OH,UACCCCG,OH,-3,light,1,0.045,0.0,0.51,0.37,-,23S.ecoli,"23S.ecoli,206,212",206,212,
211,711.778320,22.953,11.1,,7,OH,UACCCCG,OH,-3,light,1,0.025,0.0,0.64,0.278,-,23S.ecoli,"23S.ecoli,206,212",206,212,
212,712.106949,24.472,12.0,,7,OH,UACUCCG,OH,-3,light,1,0.126,0.0,0.74,0.556,-,23S.ecoli,"23S.ecoli,2438,2444",2438,2444,
213,712.106949,26.466,12.0,,7,OH,CUUCCAG,OH,-3,light,1,0.11,0.0,0.73,0.537,-,23S.ecoli,"23S.ecoli,1561,1567",1561,1567,
214,712.106949,25.628,12.0,,7,OH,CUCCUAG,OH,-3,light,1,0.083,0.0,0.54,0.481,-,23S.ecoli,"23S.ecoli,2649,2655",2649,2655,
215,712.106949,26.421,12.0,,7,OH,CUUCCAG,OH,-3,light,1,0.082,0.0,0.51,0.444,-,23S.ecoli,"23S.ecoli,1561,1567",1561,1567,
216,712.106949,25.673,12.0,,7,OH,CUCCUAG,OH,-3,light,1,0.065,0.0,0.62,0.407,-,23S.ecoli,"23S.ecoli,2649,2655",2649,2655,
217,712.106949,24.427,12.0,,7,OH,UACUCCG,OH,-3,light,1,0.053,0.0,0.6,0.426,-,23S.ecoli,"23S.ecoli,2438,2444",2438,2444,
218,712.106949,23.611,12.0,,7,OH,CUUCCAG,OH,-3,light,1,0.049,0.0,0.02,0.407,-,23S.ecoli,"23S.ecoli,1561,1567",1561,1567,
219,712.106949,23.657,12.0,,7,OH,CUCACUG,OH,-3,light,1,0.038,0.0,0.45,0.352,-,23S.ecoli,"23S.ecoli,1100,1106",1100,1106,
220,712.433350,27.676,9.8,,7,OH,UAUCCUG,OH,-3,light,1,0.081,0.0,0.77,0.463,-,23S.ecoli,"23S.ecoli,390,396",390,396,
221,712.433350,29.437,9.8,,7,OH,AUUUCCG,OH,-3,light,1,0.039,0.0,0.67,0.352,-,23S.ecoli,"23S.ecoli,111,117",111,117,
222,712.433350,27.631,9.8,,7,OH,UAUCCUG,OH,-3,light,1,0.035,0.0,0.77,0.315,-,23S.ecoli,"23S.ecoli,390,396",390,396,
223,712.433350,29.397,9.8,,7,OH,AUUUCCG,OH,-3,light,1,0.009,0.0,0.56,0.148,-,23S.ecoli,"23S.ecoli,111,117",111,117,
224,716.450928,26.275,12.1,,7,OH,CAKCUCG,OH,-3,light,1,0.064,0.0,,0.426,CA[Cm]CUCG,23S.ecoli,"23S.ecoli,2496,2502",2496,2502,23S.ecoli:2498[Cm]
225,716.450928,26.224,12.1,,7,OH,CAKCUCG,OH,-3,light,1,0.019,0.0,,0.241,CA[Cm]CUCG,23S.ecoli,"23S.ecoli,2496,2502",2496,2502,23S.ecoli:2498[Cm]
226,719.430176,26.522,-10.7,y,7,OH,UCCCAAG,OH,-3,light,1,0.035,0.0,0.66,0.315,-,23S.ecoli,"23S.ecoli,2537,2543",2537,2543,
227,719.454956,27.935,12.3,,7,OH,AACCCCG,OH,-3,light,1,0.065,0.0,0.75,0.444,-,23S.ecoli,"23S.ecoli,482,488",482,488,
228,719.454956,27.89,12.3,,7,OH,AACCCCG,OH,-3,light,1,0.039,0.0,0.79,0.37,-,23S.ecoli,"23S.ecoli,482,488",482,488,
229,719.781179,24.799,9.8,,7,OH,CUAACCG,OH,-3,light,1,0.05,0.0,0.04,0.426,-,23S.ecoli,"23S.ecoli,2870,2876",2870,2876,
230,719.781179,26.37,9.8,,7,OH,CCUCAAG,OH,-3,light,1,0.046,0.0,0.17,0.333,-,decoy,decoy,,,
231,719.781179,26.325,9.8,,7,OH,UCCCAAG,OH,-3,light,1,0.025,0.0,0.44,0.315,-,23S.ecoli,"23S.ecoli,2537,2543",2537,2543,
232,719.781179,26.325,9.8,,7,OH,CCUCAAG,OH,-3,light,2,0.025,0.0,,0.296,-,decoy,decoy,,,
233,719.781179,24.754,9.8,,7,OH,CUAACCG,OH,-3,light,1,0.019,0.0,0.16,0.315,-,23S.ecoli,"23S.ecoli,2870,2876",2870,2876,
234,719.781179,25.323,9.8,,7,OH,UCCAACG,OH,-3,light,1,0.016,0.0,0.31,0.204,-,23S.ecoli,"23S.ecoli,1318,1324",1318,1324,
235,719.781179,25.379,9.8,,7,OH,CUCAACG,OH,-3,light,1,0.013,0.0,0.0,0.148,-,23S.ecoli,"23S.ecoli,2422,2428",2422,2428,
236,719.781179,25.379,9.8,,7,OH,UCCAACG,OH,-3,light,2,0.013,0.0,,0.148,-,23S.ecoli,"23S.ecoli,1318,1324",1318,1324,
237,720.110153,27.198,22.5,y,7,OH,UUAAUCG,OH,-3,light,1,0.061,0.0,0.2,0.37,-,23S.ecoli,"23S.ecoli,1325,1331",1325,1331,
238,720.110153,27.248,22.5,y,7,OH,UUAAUCG,OH,-3,light,1,0.051,0.0,0.08,0.426,-,23S.ecoli,"23S.ecoli,1325,1331",1325,1331,
239,720.110153,28.587,11.1,,7,OH,UAAUCCG,OH,-3,light,1,0.039,0.0,0.67,0.426,-,23S.ecoli,"23S.ecoli,2210,2216",2210,2216,
240,720.110153,28.537,11.1,,7,OH,UAAUCCG,OH,-3,light,1,0.028,0.0,0.61,0.333,-,23S.ecoli,"23S.ecoli,2210,2216",2210,2216,
241,720.436310,29.869,8.6,,7,OH,UUAAUCG,OH,-3,light,1,0.109,0.0,0.17,0.519,-,23S.ecoli,"23S.ecoli,1325,1331",1325,1331,
242,720.436310,29.813,8.6,,7,OH,UUAAUCG,OH,-3,light,1,0.044,0.0,0.5,0.333,-,23S.ecoli,"23S.ecoli,1325,1331",1325,1331,
243,720.765778,32.4,10.6,,7,OH,UUAAUUG,OH,-3,light,1,0.076,0.0,0.83,0.407,-,23S.ecoli,"23S.ecoli,1851,1857",1851,1857,
244,720.765778,32.355,10.6,,7,OH,UUAAUUG,OH,-3,light,1,0.026,0.0,0.65,0.259,-,23S.ecoli,"23S.ecoli,1851,1857",1851,1857,
245,721.775024,24.759,1.5,,7,OH,CAKCUhG,OH,-3,light,1,0.008,0.0,,0.148,CA[Cm]CU[ho5C]G,23S.ecoli,"23S.ecoli,2496,2502",2496,2502,23S.ecoli:2498[Cm]|23S.ecoli:2501[ho5C]
246,727.458466,32.242,11.8,,7,OH,AAACCCG,OH,-3,light,1,0.087,0.0,0.76,0.426,-,23S.ecoli,"23S.ecoli,675,681",675,681,
247,727.458466,30.667,11.8,,7,OH,ACACACG,OH,-3,light,1,0.075,0.0,0.6,0.463,-,23S.ecoli,"23S.ecoli,943,949",943,949,
248,727.458466,30.622,11.8,,7,OH,ACACACG,OH,-3,light,1,0.053,0.0,0.3,0.426,-,23S.ecoli,"23S.ecoli,943,949",943,949,
249,727.458466,32.186,11.8,,7,OH,AAACCCG,OH,-3,light,1,0.031,0.0,0.65,0.259,-,23S.ecoli,"23S.ecoli,675,681",675,681,
250,727.785421,31.298,21.6,y,7,OH,CUAAAUG,OH,-3,light,1,0.061,0.0,0.25,0.389,-,23S.ecoli,"23S.ecoli,2723,2729",2723,2729,
251,727.785421,28.497,10.4,,7,OH,CAAACUG,OH,-3,light,1,0.06,0.0,0.73,0.37,-,23S.ecoli,"23S.ecoli,908,914",908,914,
252,727.785421,31.197,21.6,y,7,OH,ACUAUAG,OH,-3,light,1,0.05,0.0,0.16,0.481,-,decoy,decoy,,,
253,727.785421,28.435,10.4,,7,OH,CAAACUG,OH,-3,light,1,0.03,0.0,0.7,0.241,-,23S.ecoli,"23S.ecoli,908,914",908,914,
254,727.785421,32.81,10.4,,7,OH,ACAUCAG,OH,-3,light,1,0.004,0.0,0.25,0.111,-,23S.ecoli,"23S.ecoli,2309,2315",2309,2315,
255,728.116414,34.15,25.7,y,7,OH,UAUAAUG,OH,-3,light,1,0.054,0.0,0.39,0.389,-,23S.ecoli,"23S.ecoli,571,577",571,577,
256,728.116414,34.094,25.7,y,7,OH,UAUAAUG,OH,-3,light,1,0.04,0.0,0.62,0.426,-,23S.ecoli,"23S.ecoli,571,577",571,577,
257,728.116414,34.668,14.5,,7,OH,AACAUUG,OH,-3,light,1,0.011,0.0,0.36,0.148,-,23S.ecoli,"23S.ecoli,2094,2100",2094,2100,
258,728.443665,34.043,13.4,,7,OH,UAUAAUG,OH,-3,light,1,0.052,0.0,0.87,0.5,-,23S.ecoli,"23S.ecoli,571,577",571,577,
259,728.443665,33.998,13.4,,7,OH,UAUAAUG,OH,-3,light,1,0.024,0.0,0.75,0.278,-,23S.ecoli,"23S.ecoli,571,577",571,577,
260,735.431763,34.477,-18.5,y,7,OH,ACAUAAG,OH,-3,light,1,0.027,0.0,0.74,0.296,-,23S.ecoli,"23S.ecoli,1260,1266",1260,1266,
261,735.455078,31.36,13.2,y,7,OH,AUAACAG,OH,-3,light,1,0.016,0.0,0.69,0.241,-,23S.ecoli,"23S.ecoli,2448,2454",2448,2454,
262,735.789139,36.326,10.2,,7,OH,AAAUCAG,OH,-3,light,1,0.055,0.0,0.55,0.389,-,23S.ecoli,"23S.ecoli,1744,1750",1744,1750,
263,735.789139,32.653,10.2,,7,OH,CAAAAUG,OH,-3,light,1,0.028,0.0,0.79,0.278,-,23S.ecoli,"23S.ecoli,1675,1681",1675,1681,
264,735.789139,34.516,10.2,,7,OH,ACAUAAG,OH,-3,light,1,0.026,0.0,0.62,0.278,-,23S.ecoli,"23S.ecoli,1260,1266",1260,1266,
265,735.789139,36.27,10.2,,7,OH,AAAUCAG,OH,-3,light,1,0.017,0.0,0.59,0.241,-,23S.ecoli,"23S.ecoli,1744,1750",1744,1750,
266,736.116516,31.309,-1.8,y,7,OH,AUAACAG,OH,-3,light,1,0.009,0.0,0.56,0.222,-,23S.ecoli,"23S.ecoli,2448,2454",2448,2454,
267,743.793579,37.503,11.0,,7,OH,AUAAAAG,OH,-3,light,1,0.096,0.0,0.99,0.463,-,23S.ecoli,"23S.ecoli,2430,2436",2430,2436,
268,743.793579,37.548,11.0,,7,OH,AUAAAAG,OH,-3,light,1,0.096,0.0,0.98,0.5,-,23S.ecoli,"23S.ecoli,2430,2436",2430,2436,
269,746.105286,23.887,-4.5,y,7,OH,UAACGGG,OH,-3,light,1,0.004,0.0,0.5,0.111,-,23S.ecoli,"23S.ecoli,1132,1138",1132,1138,
270,746.436768,20.593,-21.9,y,7,OH,CGAACGG,OH,-3,light,1,0.005,0.0,0.2,0.111,-,23S.ecoli,"23S.ecoli,253,259",253,259,
271,746.436768,20.638,0.1,y,7,OH,UGGAAUG,OH,-3,light,1,0.004,0.0,0.5,0.093,-,decoy,decoy,,,
272,750.630147,15.417,12.7,,5,OH,CCCCG,OH,-2,light,1,0.22,0.0,0.38,0.806,-,23S.ecoli,"23S.ecoli,2771,2775;23S.ecoli,1892,1896;23S.ecoli,334,338",,,
273,750.630147,15.378,12.7,,5,OH,CCCCG,OH,-2,light,1,0.153,0.0,0.48,0.639,-,23S.ecoli,"23S.ecoli,2771,2775;23S.ecoli,1892,1896;23S.ecoli,334,338",,,
274,750.630147,15.926,12.7,,5,OH,CCCCG,OH,-2,light,1,0.043,0.0,0.72,0.361,-,23S.ecoli,"23S.ecoli,2771,2775;23S.ecoli,1892,1896;23S.ecoli,334,338",,,
275,751.118988,17.552,8.5,,5,OH,CCCUG,OH,-2,light,1,0.195,0.0,0.36,0.833,-,23S.ecoli,"23S.ecoli,31,35;23S.ecoli,1556,1560",,,
276,751.118988,20.004,8.5,,5,OH,UCCCG,OH,-2,light,1,0.121,0.0,0.31,0.667,-,23S.ecoli,"23S.ecoli,1460,1464",1460,1464,
277,751.118988,20.914,24.9,y,5,OH,UCUCG,OH,-2,light,1,0.113,0.0,0.45,0.667,-,decoy,decoy,,,
278,751.118988,20.043,8.5,,5,OH,UCCCG,OH,-2,light,1,0.107,0.0,0.48,0.667,-,23S.ecoli,"23S.ecoli,1460,1464",1460,1464,
279,751.118988,17.513,8.5,,5,OH,CCCUG,OH,-2,light,1,0.094,0.0,0.33,0.667,-,23S.ecoli,"23S.ecoli,31,35;23S.ecoli,1556,1560",,,
280,751.118988,20.548,8.5,,5,OH,CCUCG,OH,-2,light,1,0.025,0.0,0.24,0.278,-,23S.ecoli,"23S.ecoli,837,841",837,841,
281,751.611633,24.281,25.7,y,5,OH,UUUCG,OH,-2,light,1,0.17,0.0,0.28,0.694,-,23S.ecoli,"23S.ecoli,137,141;23S.ecoli,870,874",,,
282,751.611633,21.099,9.4,,5,OH,UCCUG,OH,-2,light,1,0.164,0.0,0.16,0.806,-,23S.ecoli,"23S.ecoli,2804,2808",2804,2808,
283,751.611633,21.049,9.4,,5,OH,UCCUG,OH,-2,light,1,0.148,0.0,0.22,0.778,-,23S.ecoli,"23S.ecoli,2804,2808",2804,2808,
284,751.611633,24.241,25.7,y,5,OH,UUUCG,OH,-2,light,1,0.131,0.0,0.17,0.722,-,23S.ecoli,"23S.ecoli,137,141;23S.ecoli,870,874",,,
285,752.108719,23.454,16.1,,5,OH,UUCUG,OH,-2,light,1,0.186,0.0,0.56,0.75,-,23S.ecoli,"23S.ecoli,2401,2405;23S.ecoli,1198,1202",,,
286,752.108719,23.415,16.1,,5,OH,UUCUG,OH,-2,light,1,0.105,0.0,0.09,0.611,-,23S.ecoli,"23S.ecoli,2401,2405;23S.ecoli,1198,1202",,,
287,752.108719,24.19,16.1,,5,OH,CUUUG,OH,-2,light,1,0.085,0.0,0.26,0.639,-,23S.ecoli,"23S.ecoli,2129,2133",2129,2133,
288,752.108719,24.151,16.1,,5,OH,CUUUG,OH,-2,light,1,0.055,0.0,0.35,0.444,-,23S.ecoli,"23S.ecoli,2129,2133",2129,2133,
289,762.108643,17.675,-17.3,y,5,OH,CACCG,OH,-2,light,1,0.007,0.0,0.29,0.167,-,23S.ecoli,"23S.ecoli,1150,1154",1150,1154,
290,762.631775,21.864,23.5,y,5,OH,CACUG,OH,-2,light,1,0.224,0.0,0.45,0.889,-,23S.ecoli,"23S.ecoli,1793,1797;23S.ecoli,865,869;23S.ecoli,2710,2714",,,
291,762.631775,18.544,7.3,,5,OH,CACCG,OH,-2,light,1,0.203,0.0,0.48,0.75,-,23S.ecoli,"23S.ecoli,1150,1154",1150,1154,
292,762.631775,21.954,23.5,y,5,OH,CACUG,OH,-2,light,1,0.185,0.0,0.43,0.778,-,23S.ecoli,"23S.ecoli,1793,1797;23S.ecoli,865,869;23S.ecoli,2710,2714",,,
293,762.631775,21.784,23.5,y,5,OH,CACUG,OH,-2,light,1,0.147,0.0,0.37,0.667,-,23S.ecoli,"23S.ecoli,1793,1797;23S.ecoli,865,869;23S.ecoli,2710,2714",,,
294,762.631775,20.998,7.3,,5,OH,CCCAG,OH,-2,light,1,0.137,0.0,0.74,0.722,-,23S.ecoli,"23S.ecoli,1043,1047;23S.ecoli,267,271",,,
295,762.631775,26.235,23.5,y,5,OH,AUCCG,OH,-2,light,1,0.12,0.0,0.08,0.778,-,23S.ecoli,"23S.ecoli,2392,2396",2392,2396,
296,762.631775,22.454,23.5,y,5,OH,UACCG,OH,-2,light,1,0.117,0.0,0.16,0.639,-,23S.ecoli,"23S.ecoli,459,463",459,463,
297,762.631775,24.579,7.3,,5,OH,ACCCG,OH,-2,light,1,0.111,0.0,0.23,0.667,-,23S.ecoli,"23S.ecoli,670,674;23S.ecoli,2205,2209",,,
298,762.631775,22.505,23.5,y,5,OH,UACCG,OH,-2,light,1,0.1,0.0,0.35,0.639,-,23S.ecoli,"23S.ecoli,459,463",459,463,
299,762.631775,18.504,7.3,,5,OH,CACCG,OH,-2,light,1,0.082,0.0,0.37,0.556,-,23S.ecoli,"23S.ecoli,1150,1154",1150,1154,
300,762.631775,20.959,7.3,,5,OH,CCCAG,OH,-2,light,1,0.066,0.0,0.82,0.472,-,23S.ecoli,"23S.ecoli,1043,1047;23S.ecoli,267,271",,,
301,762.631775,25.238,23.5,y,5,OH,UACCG,OH,-2,light,1,0.013,0.0,0.23,0.194,-,23S.ecoli,"23S.ecoli,459,463",459,463,
302,762.631775,25.188,23.5,y,5,OH,AUCCG,OH,-2,light,1,0.005,0.0,0.2,0.167,-,23S.ecoli,"23S.ecoli,2392,2396",2392,2396,
303,763.097778,24.32,-10.6,y,5,OH,UAUCG,OH,-2,light,1,0.018,0.0,0.5,0.25,-,decoy,decoy,,,
304,763.097778,24.376,-10.6,y,5,OH,UCAUG,OH,-2,light,1,0.018,0.0,0.28,0.278,-,23S.ecoli,"23S.ecoli,1012,1016;23S.ecoli,2698,2702",,,
305,763.126141,21.903,10.4,,5,OH,CACUG,OH,-2,light,1,0.222,0.0,0.38,0.833,-,23S.ecoli,"23S.ecoli,1793,1797;23S.ecoli,865,869;23S.ecoli,2710,2714",,,
306,763.126141,26.702,26.5,y,5,OH,UCAUG,OH,-2,light,1,0.209,0.0,0.41,0.722,-,23S.ecoli,"23S.ecoli,1012,1016;23S.ecoli,2698,2702",,,
307,763.126141,21.824,10.4,,5,OH,CACUG,OH,-2,light,1,0.197,0.0,0.45,0.778,-,23S.ecoli,"23S.ecoli,1793,1797;23S.ecoli,865,869;23S.ecoli,2710,2714",,,
308,763.126141,26.652,26.5,y,5,OH,UCAUG,OH,-2,light,1,0.17,0.0,0.21,0.667,-,23S.ecoli,"23S.ecoli,1012,1016;23S.ecoli,2698,2702",,,
309,763.126141,23.606,10.4,,5,OH,CCAUG,OH,-2,light,1,0.127,0.0,0.19,0.75,-,23S.ecoli,"23S.ecoli,691,695",691,695,
310,763.126141,23.561,10.4,,5,OH,CCAUG,OH,-2,light,1,0.113,0.0,0.37,0.694,-,23S.ecoli,"23S.ecoli,691,695",691,695,
311,763.126141,26.089,26.5,y,5,OH,CUAUG,OH,-2,light,1,0.09,0.0,0.31,0.639,-,23S.ecoli,"23S.ecoli,1437,1441",1437,1441,
312,763.126141,26.128,26.5,y,5,OH,CUAUG,OH,-2,light,1,0.088,0.0,0.18,0.667,-,23S.ecoli,"23S.ecoli,1437,1441",1437,1441,
313,763.126141,22.544,10.4,,5,OH,CAUCG,OH,-2,light,1,0.069,0.0,0.26,0.528,-,decoy,decoy,,,
314,763.126141,22.646,10.4,,5,OH,AUCCG,OH,-2,light,1,0.022,0.0,0.14,0.278,-,23S.ecoli,"23S.ecoli,2392,2396",2392,2396,
315,763.126141,22.646,10.4,,5,OH,CUACG,OH,-2,light,2,0.022,0.0,,0.25,-,decoy,decoy,,,
316,763.126141,22.646,10.4,,5,OH,CAUCG,OH,-2,light,3,0.022,0.0,,0.25,-,decoy,decoy,,,
317,763.619344,27.394,12.0,,5,OH,CUUAG,OH,-2,light,1,0.211,0.0,0.51,0.75,-,23S.ecoli,"23S.ecoli,544,548;23S.ecoli,1064,1068",,,
318,763.619344,27.434,12.0,,5,OH,CUUAG,OH,-2,light,1,0.142,0.0,0.33,0.639,-,23S.ecoli,"23S.ecoli,544,548;23S.ecoli,1064,1068",,,
319,763.619344,26.775,12.0,,5,OH,UCAUG,OH,-2,light,1,0.137,0.0,0.37,0.694,-,23S.ecoli,"23S.ecoli,1012,1016;23S.ecoli,2698,2702",,,
320,763.619344,28.486,12.0,,5,OH,ACUUG,OH,-2,light,1,0.131,0.0,0.76,0.639,-,23S.ecoli,"23S.ecoli,764,768",764,768,
321,763.619344,26.865,12.0,,5,OH,UCAUG,OH,-2,light,1,0.076,0.0,0.18,0.583,-,23S.ecoli,"23S.ecoli,1012,1016;23S.ecoli,2698,2702",,,
322,763.619344,28.441,12.0,,5,OH,ACUUG,OH,-2,light,1,0.068,0.0,0.49,0.5,-,23S.ecoli,"23S.ecoli,764,768",764,768,
323,764.108948,30.01,8.8,,5,OH,UUUAG,OH,-2,light,1,0.127,0.0,0.8,0.667,-,23S.ecoli,"23S.ecoli,2584,2588",2584,2588,
324,764.108948,29.971,8.8,,5,OH,UUUAG,OH,-2,light,1,0.111,0.0,0.74,0.583,-,23S.ecoli,"23S.ecoli,2584,2588",2584,2588,
325,770.133911,26.179,10.2,,5,OH,ACkUG,OH,-2,light,1,0.129,0.0,0.99,0.667,AC[mC]UG,23S.ecoli,"23S.ecoli,1960,1964",1960,1964,23S.ecoli:1962[mC]
326,770.133911,26.139,10.2,,5,OH,ACkUG,OH,-2,light,1,0.072,0.0,0.93,0.528,AC[mC]UG,23S.ecoli,"23S.ecoli,1960,1964",1960,1964,23S.ecoli:1962[mC]
327,774.114410,21.948,-16.9,y,5,OH,CAACG,OH,-2,light,1,0.006,0.0,0.83,0.167,-,decoy,decoy,,,
328,774.114410,22.01,-16.9,y,5,OH,CAACG,OH,-2,light,1,0.004,0.0,1.0,0.111,-,decoy,decoy,,,
329,774.613729,27.304,-7.4,y,5,OH,UAACG,OH,-2,light,1,0.222,0.0,0.75,0.778,-,23S.ecoli,"23S.ecoli,1132,1136;23S.ecoli,1267,1271;23S.ecoli,2272,2276",,,
330,774.613729,28.699,-7.4,y,5,OH,CUAAG,OH,-2,light,1,0.096,0.0,0.78,0.611,-,23S.ecoli,"23S.ecoli,998,1002",998,1002,
331,774.613729,27.535,-7.4,y,5,OH,UAACG,OH,-2,light,1,0.066,0.0,0.62,0.556,-,23S.ecoli,"23S.ecoli,1132,1136;23S.ecoli,1267,1271;23S.ecoli,2272,2276",,,
332,774.628174,29.037,11.2,y,5,OH,CUAAG,OH,-2,light,1,0.035,0.0,0.77,0.361,-,23S.ecoli,"23S.ecoli,998,1002",998,1002,
333,774.641161,27.727,12.1,,5,OH,AACCG,OH,-2,light,1,0.184,0.0,0.41,0.75,-,23S.ecoli,"23S.ecoli,2886,2890;23S.ecoli,734,738;23S.ecoli,94,98;23S.ecoli,181,185",,,
334,774.641161,27.682,12.1,,5,OH,AACCG,OH,-2,light,1,0.182,0.0,0.44,0.778,-,23S.ecoli,"23S.ecoli,2886,2890;23S.ecoli,734,738;23S.ecoli,94,98;23S.ecoli,181,185",,,
335,774.641161,30.482,28.0,y,5,OH,AACUG,OH,-2,light,1,0.171,0.0,0.63,0.778,-,23S.ecoli,"23S.ecoli,2634,2638;23S.ecoli,190,194",,,
336,774.641161,28.238,28.0,y,5,OH,CAAUG,OH,-2,light,1,0.164,0.0,0.76,0.806,-,23S.ecoli,"23S.ecoli,2326,2330",2326,2330,
337,774.641161,28.283,28.0,y,5,OH,CAAUG,OH,-2,light,1,0.138,0.0,0.71,0.778,-,23S.ecoli,"23S.ecoli,2326,2330",2326,2330,
338,774.641161,30.442,28.0,y,5,OH,AACUG,OH,-2,light,1,0.137,0.0,0.59,0.75,-,23S.ecoli,"23S.ecoli,2634,2638;23S.ecoli,190,194",,,
339,774.641161,28.896,28.0,y,5,OH,CUAAG,OH,-2,light,1,0.132,0.0,0.83,0.722,-,23S.ecoli,"23S.ecoli,998,1002",998,1002,
340,774.641161,28.795,28.0,y,5,OH,CUAAG,OH,-2,light,1,0.119,0.0,0.85,0.667,-,23S.ecoli,"23S.ecoli,998,1002",998,1002,
341,774.641161,31.056,28.0,y,5,OH,CAAUG,OH,-2,light,1,0.03,0.0,0.37,0.389,-,23S.ecoli,"23S.ecoli,2326,2330",2326,2330,
342,775.132591,27.243,11.3,,5,OH,UAACG,OH,-2,light,1,0.169,0.0,0.4,0.75,-,23S.ecoli,"23S.ecoli,1132,1136;23S.ecoli,1267,1271;23S.ecoli,2272,2276",,,
343,775.132591,30.391,11.3,,5,OH,AACUG,OH,-2,light,1,0.141,0.0,0.56,0.667,-,23S.ecoli,"23S.ecoli,2634,2638;23S.ecoli,190,194",,,
344,775.132591,31.444,27.2,y,5,OH,UUAAG,OH,-2,light,1,0.118,0.0,0.49,0.722,-,23S.ecoli,"23S.ecoli,1018,1022;23S.ecoli,3,7;23S.ecoli,652,656",,,
345,775.132591,30.346,11.3,,5,OH,AACUG,OH,-2,light,1,0.094,0.0,0.48,0.611,-,23S.ecoli,"23S.ecoli,2634,2638;23S.ecoli,190,194",,,
346,775.132591,31.961,27.2,y,5,OH,UAUAG,OH,-2,light,1,0.077,0.0,0.25,0.611,-,23S.ecoli,"23S.ecoli,665,669",665,669,
347,775.132591,27.203,11.3,,5,OH,UAACG,OH,-2,light,1,0.076,0.0,0.37,0.472,-,23S.ecoli,"23S.ecoli,1132,1136;23S.ecoli,1267,1271;23S.ecoli,2272,2276",,,
348,775.132591,32.197,27.2,y,5,OH,UAUAG,OH,-2,light,1,0.071,0.0,0.37,0.5,-,23S.ecoli,"23S.ecoli,665,669",665,669,
349,775.132591,31.405,27.2,y,5,OH,UUAAG,OH,-2,light,1,0.045,0.0,0.31,0.417,-,23S.ecoli,"23S.ecoli,1018,1022;23S.ecoli,3,7;23S.ecoli,652,656",,,
350,775.623840,32.799,10.3,,5,OH,AUAUG,OH,-2,light,1,0.15,0.0,0.32,0.667,-,23S.ecoli,"23S.ecoli,1711,1715;23S.ecoli,89,93",,,
351,775.623840,32.0,10.3,,5,OH,AUUAG,OH,-2,light,1,0.116,0.0,0.56,0.583,-,decoy,decoy,,,
352,775.623840,32.754,10.3,,5,OH,AUAUG,OH,-2,light,1,0.09,0.0,0.39,0.556,-,23S.ecoli,"23S.ecoli,1711,1715;23S.ecoli,89,93",,,
353,775.623840,31.838,10.3,,5,OH,UUAAG,OH,-2,light,1,0.081,0.0,0.46,0.5,-,23S.ecoli,"23S.ecoli,1018,1022;23S.ecoli,3,7;23S.ecoli,652,656",,,
354,775.623840,34.663,10.3,,5,OH,UUAAG,OH,-2,light,1,0.02,0.0,0.5,0.222,-,23S.ecoli,"23S.ecoli,1018,1022;23S.ecoli,3,7;23S.ecoli,652,656",,,
355,775.623840,34.708,10.3,,5,OH,AUUAG,OH,-2,light,1,0.013,0.0,0.15,0.194,-,decoy,decoy,,,
356,786.122803,30.493,-13.1,y,5,OH,AACAG,OH,-2,light,1,0.015,0.0,,0.278,-,decoy,decoy,,,
357,786.122803,27.355,-13.1,y,5,OH,AAACG,OH,-2,light,1,0.001,0.0,,0.028,-,23S.ecoli,"23S.ecoli,1027,1031",1027,1031,
358,786.615906,35.073,-11.7,y,5,OH,AUAAG,OH,-2,light,1,0.065,0.0,0.51,0.556,-,23S.ecoli,"23S.ecoli,71,75;23S.ecoli,2738,2742",,,
359,786.615906,31.602,-11.7,y,5,OH,UAAAG,OH,-2,light,1,0.024,0.0,0.58,0.306,-,decoy,decoy,,,
360,786.637095,35.22,15.2,y,5,OH,AUAAG,OH,-2,light,1,0.156,0.0,0.48,0.611,-,23S.ecoli,"23S.ecoli,71,75;23S.ecoli,2738,2742",,,
361,786.637095,32.546,-0.4,,5,OH,AAACG,OH,-2,light,1,0.153,0.0,0.67,0.639,-,23S.ecoli,"23S.ecoli,1027,1031",1027,1031,
362,786.637095,32.501,-0.4,,5,OH,AAACG,OH,-2,light,1,0.106,0.0,0.84,0.611,-,23S.ecoli,"23S.ecoli,1027,1031",1027,1031,
363,786.637095,33.131,15.2,y,5,OH,UAAAG,OH,-2,light,1,0.064,0.0,0.7,0.472,-,decoy,decoy,,,
364,786.637095,33.17,15.2,y,5,OH,UAAAG,OH,-2,light,1,0.054,0.0,0.74,0.417,-,decoy,decoy,,,
365,786.637095,32.968,-0.4,,5,OH,AACAG,OH,-2,light,1,0.014,0.0,0.29,0.333,-,decoy,decoy,,,
366,787.137115,35.259,9.7,,5,OH,AUAAG,OH,-2,light,1,0.235,0.0,0.68,0.722,-,23S.ecoli,"23S.ecoli,71,75;23S.ecoli,2738,2742",,,
367,787.137115,35.163,9.7,,5,OH,AUAAG,OH,-2,light,1,0.19,0.0,0.73,0.639,-,23S.ecoli,"23S.ecoli,71,75;23S.ecoli,2738,2742",,,
368,787.137115,37.195,9.7,,5,OH,AAUAG,OH,-2,light,1,0.138,0.0,0.29,0.667,-,23S.ecoli,"23S.ecoli,613,617",613,617,
369,787.137115,37.155,9.7,,5,OH,AAUAG,OH,-2,light,1,0.088,0.0,0.48,0.5,-,23S.ecoli,"23S.ecoli,613,617",613,617,
370,787.137115,35.837,9.7,,5,OH,AAAUG,OH,-2,light,1,0.043,0.0,0.72,0.361,-,decoy,decoy,,,
371,787.137115,35.888,9.7,,5,OH,AAAUG,OH,-2,light,1,0.028,0.0,0.64,0.306,-,decoy,decoy,,,
372,798.132019,37.458,-8.4,y,5,OH,AAAAG,OH,-2,light,1,0.218,0.0,,0.75,-,23S.ecoli,"23S.ecoli,216,220;23S.ecoli,1569,1573;23S.ecoli,1284,1288;23S.ecoli,477,481",,,
373,798.650065,37.498,8.8,,5,OH,AAAAG,OH,-2,light,1,0.21,0.0,,0.694,-,23S.ecoli,"23S.ecoli,216,220;23S.ecoli,1569,1573;23S.ecoli,1284,1288;23S.ecoli,477,481",,,
374,798.650065,37.419,8.8,,5,OH,AAAAG,OH,-2,light,1,0.138,0.0,,0.667,-,23S.ecoli,"23S.ecoli,216,220;23S.ecoli,1569,1573;23S.ecoli,1284,1288;23S.ecoli,477,481",,,
375,798.650065,38.0,8.8,,5,OH,AAAAG,OH,-2,light,1,0.034,0.0,,0.361,-,23S.ecoli,"23S.ecoli,216,220;23S.ecoli,1569,1573;23S.ecoli,1284,1288;23S.ecoli,477,481",,,
376,802.622620,18.616,3.2,y,5,OH,UGAGG,OH,-2,light,1,0.004,0.0,0.0,0.139,-,23S.ecoli,"23S.ecoli,2891,2895;23S.ecoli,464,468;23S.ecoli,1224,1228;23S.ecoli,1720,1724",,,
377,802.622620,18.616,-12.1,,5,OH,GGACG,OH,-2,light,2,0.004,0.0,,0.167,-,23S.ecoli,"23S.ecoli,1425,1429",1425,1429,
378,802.622620,18.616,-12.1,,5,OH,GCAGG,OH,-2,light,3,0.004,0.0,,0.167,-,23S.ecoli,"23S.ecoli,697,701;23S.ecoli,1334,1338",,,
379,802.622620,18.616,-12.1,,5,OH,CGAGG,OH,-2,light,4,0.004,0.0,,0.167,-,23S.ecoli,"23S.ecoli,1357,1361;23S.ecoli,490,494",,,
380,814.093628,30.105,-6.1,y,8,OH,UUUUCCAG,OH,-3,light,1,0.082,0.0,,0.492,-,23S.ecoli,"23S.ecoli,1484,1491",1484,1491,
381,814.113312,27.625,18.1,y,8,OH,UCAUCUUG,OH,-3,light,1,0.027,0.0,,0.365,-,decoy,decoy,,,
382,814.113312,27.58,18.1,y,8,OH,UCAUCUUG,OH,-3,light,1,0.016,0.0,,0.222,-,decoy,decoy,,,
383,814.443695,29.92,10.9,,8,OH,UUUUCCAG,OH,-3,light,1,0.09,0.0,,0.492,-,23S.ecoli,"23S.ecoli,1484,1491",1484,1491,
384,814.443695,29.875,10.9,,8,OH,UUUUCCAG,OH,-3,light,1,0.046,0.0,,0.349,-,23S.ecoli,"23S.ecoli,1484,1491",1484,1491,
385,821.439819,27.788,-7.9,y,8,OH,CAUCACUG,OH,-3,light,1,0.007,0.0,0.57,0.127,-,23S.ecoli,"23S.ecoli,2678,2685",2678,2685,
386,821.448547,27.839,2.7,y,8,OH,CAUCACUG,OH,-3,light,1,0.015,0.0,0.67,0.254,-,23S.ecoli,"23S.ecoli,2678,2685",2678,2685,
387,821.461365,26.365,18.3,y,8,OH,CAUCACUG,OH,-3,light,1,0.042,0.0,0.9,0.397,-,23S.ecoli,"23S.ecoli,2678,2685",2678,2685,
388,821.461365,26.32,18.3,y,8,OH,CAUCACUG,OH,-3,light,1,0.016,0.0,0.88,0.238,-,23S.ecoli,"23S.ecoli,2678,2685",2678,2685,
389,821.786963,29.324,15.3,y,8,OH,CUAAUCUG,OH,-3,light,1,0.09,0.0,0.71,0.571,-,23S.ecoli,"23S.ecoli,61,68",61,68,
390,821.786963,28.643,15.3,y,8,OH,UUCUAACG,OH,-3,light,1,0.076,0.0,0.67,0.444,-,23S.ecoli,"23S.ecoli,2194,2201",2194,2201,
391,821.786963,29.173,15.3,y,8,OH,CUAAUCUG,OH,-3,light,1,0.076,0.0,0.3,0.508,-,23S.ecoli,"23S.ecoli,61,68",61,68,
392,821.786963,27.44,5.4,,8,OH,CCUCUAAG,OH,-3,light,1,0.063,0.0,0.73,0.444,-,23S.ecoli,"23S.ecoli,1574,1581",1574,1581,
393,821.786963,27.485,5.4,,8,OH,CCUCUAAG,OH,-3,light,1,0.063,0.0,0.59,0.492,-,23S.ecoli,"23S.ecoli,1574,1581",1574,1581,
394,821.799561,28.598,20.7,,8,OH,CCUCUAAG,OH,-3,light,1,0.007,0.0,0.29,0.19,-,23S.ecoli,"23S.ecoli,1574,1581",1574,1581,
395,822.117935,28.835,9.0,,8,OH,UUCUAACG,OH,-3,light,1,0.053,0.0,0.57,0.349,-,23S.ecoli,"23S.ecoli,2194,2201",2194,2201,
396,822.117935,32.855,18.9,y,8,OH,CUAUUUAG,OH,-3,light,1,0.029,0.0,0.48,0.302,-,23S.ecoli,"23S.ecoli,823,830",823,830,
397,822.117935,29.532,9.0,,8,OH,CUAAUCUG,OH,-3,light,1,0.02,0.0,0.75,0.206,-,23S.ecoli,"23S.ecoli,61,68",61,68,
398,822.117935,28.947,9.0,,8,OH,UUCUAACG,OH,-3,light,1,0.017,0.0,0.06,0.222,-,23S.ecoli,"23S.ecoli,2194,2201",2194,2201,
399,822.444458,32.557,7.2,,8,OH,CUAUUUAG,OH,-3,light,1,0.099,0.0,0.95,0.444,-,23S.ecoli,"23S.ecoli,823,830",823,830,
400,822.444458,32.506,7.2,,8,OH,CUAUUUAG,OH,-3,light,1,0.061,0.0,0.89,0.365,-,23S.ecoli,"23S.ecoli,823,830",823,830,
401,829.467270,27.929,10.8,,8,OH,UCCCAAAG,OH,-3,light,1,0.102,0.0,0.85,0.556,-,23S.ecoli,"23S.ecoli,1004,1011",1004,1011,
402,829.467270,27.884,10.8,,8,OH,UCCCAAAG,OH,-3,light,1,0.074,0.0,0.8,0.492,-,23S.ecoli,"23S.ecoli,1004,1011",1004,1011,
403,829.467270,28.987,10.8,,8,OH,CAAAUCCG,OH,-3,light,1,0.056,0.0,0.88,0.397,-,23S.ecoli,"23S.ecoli,1493,1500",1493,1500,
404,829.467270,28.936,10.8,,8,OH,CAAAUCCG,OH,-3,light,1,0.048,0.0,0.92,0.365,-,23S.ecoli,"23S.ecoli,1493,1500",1493,1500,
405,829.794464,31.697,9.8,,8,OH,CAUCUAAG,OH,-3,light,1,0.042,0.0,0.52,0.365,-,23S.ecoli,"23S.ecoli,2752,2759",2752,2759,
406,829.794464,32.293,19.7,y,8,OH,UACUAAUG,OH,-3,light,1,0.037,0.0,0.95,0.286,-,23S.ecoli,"23S.ecoli,2878,2885",2878,2885,
407,829.794464,31.652,9.8,,8,OH,CAUCUAAG,OH,-3,light,1,0.033,0.0,0.61,0.302,-,23S.ecoli,"23S.ecoli,2752,2759",2752,2759,
408,829.794464,32.248,19.7,y,8,OH,UACUAAUG,OH,-3,light,1,0.033,0.0,0.94,0.317,-,23S.ecoli,"23S.ecoli,2878,2885",2878,2885,
409,829.794464,30.758,19.7,y,8,OH,UACUAAUG,OH,-3,light,1,0.013,0.0,0.62,0.19,-,23S.ecoli,"23S.ecoli,2878,2885",2878,2885,
410,829.794464,30.718,19.7,y,8,OH,AUAACUUG,OH,-3,light,1,0.007,0.0,0.71,0.127,-,decoy,decoy,,,
411,837.141632,31.748,9.1,,8,OH,CAAACACG,OH,-3,light,1,0.073,0.0,0.78,0.476,-,23S.ecoli,"23S.ecoli,1800,1807",1800,1807,
412,837.141632,32.85,9.1,,8,OH,AAACCCAG,OH,-3,light,1,0.063,0.0,0.86,0.397,-,23S.ecoli,"23S.ecoli,125,132",125,132,
413,837.141632,32.805,9.1,,8,OH,AAACCCAG,OH,-3,light,1,0.047,0.0,0.81,0.349,-,23S.ecoli,"23S.ecoli,125,132",125,132,
414,837.141632,31.703,9.1,,8,OH,CAAACACG,OH,-3,light,1,0.045,0.0,0.73,0.381,-,23S.ecoli,"23S.ecoli,1800,1807",1800,1807,
415,904.627258,23.747,11.1,,6,OH,UUCCUG,OH,-2,light,1,0.084,0.0,0.36,0.578,-,23S.ecoli,"23S.ecoli,1312,1317",1312,1317,
416,904.627258,23.707,11.1,,6,OH,CUUUCG,OH,-2,light,1,0.05,0.0,0.34,0.489,-,decoy,decoy,,,
417,907.795593,23.409,13.3,,9,OH,UUCUCCCCG,OH,-3,light,1,0.074,0.0,0.41,0.444,-,23S.ecoli,"23S.ecoli,810,818",810,818,
418,907.795593,23.369,13.3,,9,OH,UUCUCCCCG,OH,-3,light,1,0.019,0.0,0.0,0.236,-,23S.ecoli,"23S.ecoli,810,818",810,818,
419,907.795593,23.369,22.4,y,9,OH,UUCUCCCUG,OH,-3,light,2,0.019,0.0,,0.236,-,23S.ecoli,"23S.ecoli,2783,2791",2783,2791,
420,908.120026,24.421,9.4,,9,OH,UUCUCCCUG,OH,-3,light,1,0.079,0.0,0.77,0.444,-,23S.ecoli,"23S.ecoli,2783,2791",2783,2791,
421,908.120026,24.371,9.4,,9,OH,UUCUCCCUG,OH,-3,light,1,0.029,0.0,0.9,0.278,-,23S.ecoli,"23S.ecoli,2783,2791",2783,2791,
422,910.792694,27.057,10.0,,9,OH,CUUAACCUU,OH,-3,light,1,0.125,0.0,,0.569,-,23S.ecoli,"23S.ecoli,2896,2904",2896,2904,
423,910.792694,27.017,10.0,,9,OH,CUUAACCUU,OH,-3,light,1,0.078,0.0,,0.486,-,23S.ecoli,"23S.ecoli,2896,2904",2896,2904,
424,915.138519,17.215,4.4,y,6,OH,UACCCG,OH,-2,light,1,0.0,0,0,0.0,-,23S.ecoli,"23S.ecoli,2041,2046",2041,2046,
425,915.138519,17.215,4.4,y,6,OH,CCAUCG,OH,-2,light,2,0.0,0,,0.022,-,23S.ecoli,"23S.ecoli,2416,2421",2416,2421,
426,915.138519,17.215,4.4,y,6,OH,CAUCCG,OH,-2,light,3,0.0,0,,0.022,-,decoy,decoy,,,
427,915.138519,17.215,4.4,y,6,OH,AUCCCG,OH,-2,light,4,0.0,0,,0.0,-,decoy,decoy,,,
428,915.138519,17.215,-9.1,,6,OH,ACCCCG,OH,-2,light,5,0.0,0,,0.022,-,23S.ecoli,"23S.ecoli,2062,2067",2062,2067,
429,915.138519,17.215,-9.1,,6,OH,CCCCAG,OH,-2,light,6,0.0,0,,0.022,-,decoy,decoy,,,
430,915.138519,17.306,4.4,y,6,OH,UACCCG,OH,-2,light,1,0.0,0,0,0.0,-,23S.ecoli,"23S.ecoli,2041,2046",2041,2046,
431,915.138519,17.306,4.4,y,6,OH,CCAUCG,OH,-2,light,2,0.0,0,,0.0,-,23S.ecoli,"23S.ecoli,2416,2421",2416,2421,
432,915.138519,17.306,4.4,y,6,OH,CAUCCG,OH,-2,light,3,0.0,0,,0.0,-,decoy,decoy,,,
433,915.138519,17.306,4.4,y,6,OH,AUCCCG,OH,-2,light,4,0.0,0,,0.0,-,decoy,decoy,,,
434,915.138519,17.306,-9.1,,6,OH,ACCCCG,OH,-2,light,5,0.0,0,,0.022,-,23S.ecoli,"23S.ecoli,2062,2067",2062,2067,
435,915.138519,17.306,-9.1,,6,OH,CCCCAG,OH,-2,light,6,0.0,0,,0.022,-,decoy,decoy,,,
436,915.156403,23.505,10.4,,6,OH,ACCCCG,OH,-2,light,1,0.115,0.0,0.64,0.622,-,23S.ecoli,"23S.ecoli,2062,2067",2062,2067,
437,915.156403,23.555,10.4,,6,OH,ACCCCG,OH,-2,light,1,0.103,0.0,0.66,0.689,-,23S.ecoli,"23S.ecoli,2062,2067",2062,2067,
438,915.645035,24.236,6.8,,6,OH,UACCCG,OH,-2,light,1,0.117,0.0,0.58,0.667,-,23S.ecoli,"23S.ecoli,2041,2046",2041,2046,
439,915.645035,27.636,20.2,y,6,OH,ACCUUG,OH,-2,light,1,0.043,0.0,0.37,0.489,-,23S.ecoli,"23S.ecoli,2163,2168",2163,2168,
440,915.645035,27.586,20.2,y,6,OH,ACCUUG,OH,-2,light,1,0.019,0.0,0.42,0.378,-,23S.ecoli,"23S.ecoli,2163,2168",2163,2168,
441,915.645035,24.432,6.8,,6,OH,UACCCG,OH,-2,light,1,0.014,0.0,0.57,0.178,-,23S.ecoli,"23S.ecoli,2041,2046",2041,2046,
442,916.134167,27.192,3.6,,6,OH,ACCUUG,OH,-2,light,1,0.171,0.0,0.6,0.756,-,23S.ecoli,"23S.ecoli,2163,2168",2163,2168,
443,916.134167,27.141,3.6,,6,OH,ACCUUG,OH,-2,light,1,0.158,0.0,0.72,0.711,-,23S.ecoli,"23S.ecoli,2163,2168",2163,2168,
444,916.134167,28.323,29.6,y,9,OH,UACCUUUUG,OH,-3,light,1,0.122,0.0,,0.5,-,23S.ecoli,"23S.ecoli,562,570",562,570,
445,916.134167,21.678,3.6,,6,OH,ACCUUG,OH,-2,light,1,0.006,0.0,0.0,0.089,-,23S.ecoli,"23S.ecoli,2163,2168",2163,2168,
446,916.134167,21.678,3.6,,6,OH,UCCAUG,OH,-2,light,2,0.006,0.0,,0.089,-,decoy,decoy,,,
447,916.134167,21.678,17.1,y,6,OH,CUUAUG,OH,-2,light,3,0.006,0.0,,0.089,-,23S.ecoli,"23S.ecoli,1172,1177",1172,1177,
448,916.134167,21.678,17.1,y,6,OH,CUAUUG,OH,-2,light,4,0.006,0.0,,0.089,-,decoy,decoy,,,
449,916.134167,21.639,17.1,y,6,OH,UACUUG,OH,-2,light,1,0.005,0.0,0.2,0.089,-,23S.ecoli,"23S.ecoli,1402,1407",1402,1407,
450,916.134167,21.639,17.1,y,6,OH,UAUCUG,OH,-2,light,2,0.005,0.0,,0.089,-,decoy,decoy,,,
451,916.449921,28.132,7.3,,9,OH,UACCUUUUG,OH,-3,light,1,0.097,0.0,,0.569,-,23S.ecoli,"23S.ecoli,562,570",562,570,
452,916.449921,28.086,7.3,,9,OH,UACCUUUUG,OH,-3,light,1,0.083,0.0,,0.514,-,23S.ecoli,"23S.ecoli,562,570",562,570,
453,916.631775,27.98,9.7,,6,OH,CUUAUG,OH,-2,light,1,0.087,0.0,0.67,0.6,-,23S.ecoli,"23S.ecoli,1172,1177",1172,1177,
454,923.797058,30.352,15.4,y,9,OH,UUCAUAUCG,OH,-3,light,1,0.066,0.0,0.45,0.458,-,23S.ecoli,"23S.ecoli,2473,2481",2473,2481,
455,923.797058,29.223,15.4,y,9,OH,UCUUAACUG,OH,-3,light,1,0.049,0.0,0.71,0.403,-,23S.ecoli,"23S.ecoli,639,647",639,647,
456,923.797058,29.167,15.4,y,9,OH,UCUUAACUG,OH,-3,light,1,0.012,0.0,0.67,0.181,-,23S.ecoli,"23S.ecoli,639,647",639,647,
457,924.125916,30.397,7.5,,9,OH,UUCAUAUCG,OH,-3,light,1,0.098,0.0,0.56,0.542,-,23S.ecoli,"23S.ecoli,2473,2481",2473,2481,
458,924.125916,30.307,7.5,,9,OH,UUCAUAUCG,OH,-3,light,1,0.03,0.0,0.57,0.319,-,23S.ecoli,"23S.ecoli,2473,2481",2473,2481,
459,927.143392,25.458,3.5,y,6,OH,CAACUG,OH,-2,light,1,0.183,0.0,0.44,0.711,-,23S.ecoli,"23S.ecoli,1771,1776",1771,1776,
460,927.143392,27.152,3.5,y,6,OH,ACACUG,OH,-2,light,1,0.18,0.0,0.39,0.756,-,23S.ecoli,"23S.ecoli,2088,2093",2088,2093,
461,927.143392,27.299,3.5,y,6,OH,ACACUG,OH,-2,light,1,0.127,0.0,0.05,0.6,-,23S.ecoli,"23S.ecoli,2088,2093",2088,2093,
462,927.159953,25.503,21.4,y,6,OH,CAACUG,OH,-2,light,1,0.182,0.0,0.35,0.689,-,23S.ecoli,"23S.ecoli,1771,1776",1771,1776,
463,927.159953,24.923,8.1,,6,OH,CCCAAG,OH,-2,light,1,0.124,0.0,0.79,0.622,-,23S.ecoli,"23S.ecoli,2465,2470",2465,2470,
464,927.159953,24.883,8.1,,6,OH,CCCAAG,OH,-2,light,1,0.11,0.0,0.88,0.556,-,23S.ecoli,"23S.ecoli,2465,2470",2465,2470,
465,927.651730,29.678,7.8,,6,OH,UACACG,OH,-2,light,1,0.136,0.0,0.6,0.689,-,23S.ecoli,"23S.ecoli,18,23",18,23,
466,927.651730,25.582,7.8,,6,OH,CAACUG,OH,-2,light,1,0.128,0.0,0.53,0.533,-,23S.ecoli,"23S.ecoli,1771,1776",1771,1776,
467,927.651730,25.622,7.8,,6,OH,CAACUG,OH,-2,light,1,0.119,0.0,0.32,0.556,-,23S.ecoli,"23S.ecoli,1771,1776",1771,1776,
468,927.651730,29.077,7.8,,6,OH,ACUCAG,OH,-2,light,1,0.09,0.0,0.38,0.556,-,23S.ecoli,"23S.ecoli,2005,2010",2005,2010,
469,927.651730,27.344,7.8,,6,OH,ACACUG,OH,-2,light,1,0.089,0.0,0.22,0.578,-,23S.ecoli,"23S.ecoli,2088,2093",2088,2093,
470,927.651730,34.246,21.1,y,6,OH,AUCUAG,OH,-2,light,1,0.086,0.0,0.56,0.6,-,23S.ecoli,"23S.ecoli,685,690",685,690,
471,927.651730,33.479,7.8,,6,OH,AACUCG,OH,-2,light,1,0.082,0.0,0.32,0.533,-,23S.ecoli,"23S.ecoli,2019,2024;23S.ecoli,1654,1659",,,
472,927.651730,33.44,7.8,,6,OH,AACUCG,OH,-2,light,1,0.08,0.0,0.51,0.444,-,23S.ecoli,"23S.ecoli,2019,2024;23S.ecoli,1654,1659",,,
473,927.651730,28.036,7.8,,6,OH,CAUCAG,OH,-2,light,1,0.068,0.0,0.4,0.511,-,23S.ecoli,"23S.ecoli,1582,1587",1582,1587,
474,927.651730,29.032,21.1,y,6,OH,AUCUAG,OH,-2,light,1,0.058,0.0,0.03,0.467,-,23S.ecoli,"23S.ecoli,685,690",685,690,
475,927.651730,26.184,7.8,,6,OH,CUAACG,OH,-2,light,1,0.051,0.0,0.29,0.378,-,23S.ecoli,"23S.ecoli,957,962",957,962,
476,927.651730,29.638,21.1,y,6,OH,UAUACG,OH,-2,light,1,0.043,0.0,0.23,0.489,-,23S.ecoli,"23S.ecoli,1818,1823",1818,1823,
477,927.651730,26.781,7.8,,6,OH,CCAAUG,OH,-2,light,1,0.035,0.0,0.17,0.356,-,23S.ecoli,"23S.ecoli,2703,2708",2703,2708,
478,927.651730,26.134,7.8,,6,OH,CUAACG,OH,-2,light,1,0.033,0.0,0.42,0.356,-,23S.ecoli,"23S.ecoli,957,962",957,962,
479,927.651730,30.234,21.1,y,6,OH,AUCUAG,OH,-2,light,1,0.031,0.0,0.16,0.378,-,23S.ecoli,"23S.ecoli,685,690",685,690,
480,927.651730,30.194,21.1,y,6,OH,UAUACG,OH,-2,light,1,0.024,0.0,0.38,0.333,-,23S.ecoli,"23S.ecoli,1818,1823",1818,1823,
481,927.651730,26.697,21.1,y,6,OH,UCAUAG,OH,-2,light,1,0.023,0.0,0.35,0.222,-,23S.ecoli,"23S.ecoli,2384,2389",2384,2389,
482,928.124390,34.618,12.2,,12,OH,UAUUCUUUCAAG,OH,-4,light,1,0.006,0.0,0.33,0.131,-,decoy,decoy,,,
483,928.144196,30.572,8.3,,6,OH,UAUCAG,OH,-2,light,1,0.131,0.0,0.44,0.667,-,23S.ecoli,"23S.ecoli,1240,1245",1240,1245,
484,928.144196,30.617,8.3,,6,OH,UAUCAG,OH,-2,light,1,0.086,0.0,0.59,0.533,-,23S.ecoli,"23S.ecoli,1240,1245",1240,1245,
485,928.638214,31.545,10.5,,6,OH,UUAAUG,OH,-2,light,1,0.145,0.0,0.85,0.756,-,23S.ecoli,"23S.ecoli,170,175",170,175,
486,928.638214,31.5,10.5,,6,OH,UUAAUG,OH,-2,light,1,0.126,0.0,0.66,0.578,-,23S.ecoli,"23S.ecoli,170,175",170,175,
487,928.638214,32.456,10.5,,6,OH,UUUAAG,OH,-2,light,1,0.096,0.0,0.75,0.511,-,23S.ecoli,"23S.ecoli,1466,1471",1466,1471,
488,928.638214,32.647,10.5,,6,OH,UUUAAG,OH,-2,light,1,0.093,0.0,0.68,0.556,-,23S.ecoli,"23S.ecoli,1466,1471",1466,1471,
489,931.147461,29.319,9.4,,9,OH,ACCCCUAAG,OH,-3,light,1,0.033,0.0,,0.389,-,23S.ecoli,"23S.ecoli,1347,1355",1347,1355,
490,931.147461,29.274,9.4,,9,OH,ACCCCUAAG,OH,-3,light,1,0.024,0.0,,0.264,-,23S.ecoli,"23S.ecoli,1347,1355",1347,1355,
491,931.800659,30.904,6.3,,9,OH,UUAUAACCG,OH,-3,light,1,0.075,0.0,,0.444,-,23S.ecoli,"23S.ecoli,99,107",99,107,
492,931.800659,30.853,6.3,,9,OH,UUAUAACCG,OH,-3,light,1,0.05,0.0,,0.306,-,23S.ecoli,"23S.ecoli,99,107",99,107,
493,938.640442,29.723,-14.2,y,6,OH,CAACAG,OH,-2,light,1,0.017,0.0,0.71,0.333,-,decoy,decoy,,,
494,938.640442,29.774,-14.2,y,6,OH,CAACAG,OH,-2,light,1,0.01,0.0,0.5,0.222,-,decoy,decoy,,,
495,938.640442,29.774,-14.2,y,6,OH,AACACG,OH,-2,light,2,0.01,0.0,,0.222,-,decoy,decoy,,,
496,938.894653,31.354,6.4,,12,OH,CCAAUCAAACCG,OH,-4,light,1,0.014,0.0,0.71,0.152,-,23S.ecoli,"23S.ecoli,786,797",786,797,
497,938.905090,31.303,17.5,,12,OH,CCAAUCAAACCG,OH,-4,light,1,0.013,0.0,0.62,0.172,-,23S.ecoli,"23S.ecoli,786,797",786,797,
498,939.163174,31.045,5.4,,6,OH,AAACCG,OH,-2,light,1,0.208,0.0,0.78,0.778,-,23S.ecoli,"23S.ecoli,631,636;23S.ecoli,513,518",,,
499,939.163174,32.748,18.5,y,6,OH,AAUCAG,OH,-2,light,1,0.113,0.0,0.07,0.778,-,23S.ecoli,"23S.ecoli,278,283",278,283,
500,939.163174,32.698,18.5,y,6,OH,ACAUAG,OH,-2,light,1,0.107,0.0,0.17,0.689,-,decoy,decoy,,,
501,939.163174,30.994,5.4,,6,OH,AAACCG,OH,-2,light,1,0.091,0.0,0.79,0.556,-,23S.ecoli,"23S.ecoli,631,636;23S.ecoli,513,518",,,
502,939.163174,31.596,5.4,,6,OH,ACCAAG,OH,-2,light,1,0.078,0.0,0.17,0.556,-,23S.ecoli,"23S.ecoli,1304,1309",1304,1309,
503,939.163174,31.551,5.4,,6,OH,ACCAAG,OH,-2,light,1,0.041,0.0,0.15,0.444,-,23S.ecoli,"23S.ecoli,1304,1309",1304,1309,
504,939.163174,32.192,18.5,y,6,OH,CAUAAG,OH,-2,light,1,0.038,0.0,0.18,0.333,-,23S.ecoli,"23S.ecoli,2332,2337",2332,2337,
505,939.163174,33.255,18.5,y,6,OH,AUACAG,OH,-2,light,1,0.032,0.0,0.38,0.289,-,23S.ecoli,"23S.ecoli,320,325",320,325,
506,939.163174,32.147,18.5,y,6,OH,CAUAAG,OH,-2,light,1,0.016,0.0,0.31,0.267,-,23S.ecoli,"23S.ecoli,2332,2337",2332,2337,
507,939.475138,35.883,5.0,,9,OH,AAUCCAUAG,OH,-3,light,1,0.06,0.0,,0.444,-,23S.ecoli,"23S.ecoli,160,168",160,168,
508,939.475138,35.843,5.0,,9,OH,AAUCCAUAG,OH,-3,light,1,0.039,0.0,,0.333,-,23S.ecoli,"23S.ecoli,160,168",160,168,
509,939.475138,36.602,5.0,,9,OH,CACAAUUAG,OH,-3,light,1,0.007,0.0,,0.167,-,decoy,decoy,,,
510,939.640869,36.191,3.3,y,6,OH,AAAUUG,OH,-2,light,1,0.087,0.0,0.2,0.689,-,23S.ecoli,"23S.ecoli,2013,2018",2013,2018,
511,939.660675,35.023,11.3,,6,OH,AAUCAG,OH,-2,light,1,0.128,0.0,0.33,0.667,-,23S.ecoli,"23S.ecoli,278,283",278,283,
512,939.660675,32.394,11.3,,6,OH,UACAAG,OH,-2,light,1,0.114,0.0,0.44,0.644,-,23S.ecoli,"23S.ecoli,525,530",525,530,
513,939.660675,36.231,24.4,y,6,OH,AAAUUG,OH,-2,light,1,0.103,0.0,0.32,0.644,-,23S.ecoli,"23S.ecoli,2013,2018",2013,2018,
514,939.660675,35.579,11.3,,6,OH,AACUAG,OH,-2,light,1,0.098,0.0,0.43,0.556,-,23S.ecoli,"23S.ecoli,1668,1673",1668,1673,
515,939.660675,32.349,11.3,,6,OH,UACAAG,OH,-2,light,1,0.095,0.0,0.57,0.578,-,23S.ecoli,"23S.ecoli,525,530",525,530,
516,939.660675,34.049,24.4,y,6,OH,UAAUAG,OH,-2,light,1,0.075,0.0,0.71,0.422,-,23S.ecoli,"23S.ecoli,1094,1099",1094,1099,
517,939.660675,35.539,11.3,,6,OH,AACUAG,OH,-2,light,1,0.075,0.0,0.53,0.444,-,23S.ecoli,"23S.ecoli,1668,1673",1668,1673,
518,939.660675,36.281,24.4,y,6,OH,AAUUAG,OH,-2,light,1,0.052,0.0,0.04,0.511,-,decoy,decoy,,,
519,940.148590,36.523,6.9,,6,OH,AAUUAG,OH,-2,light,1,0.065,0.0,0.37,0.533,-,decoy,decoy,,,
520,940.148590,36.377,6.9,,6,OH,AAUUAG,OH,-2,light,1,0.044,0.0,0.3,0.356,-,decoy,decoy,,,
521,946.174347,32.495,8.9,,6,OH,ACACiG,OH,-2,light,1,0.166,0.0,,0.711,ACAC[mA]G,23S.ecoli,"23S.ecoli,1614,1619",1614,1619,23S.ecoli:1618[mA]
522,946.174347,32.445,8.9,,6,OH,ACACiG,OH,-2,light,1,0.13,0.0,,0.667,ACAC[mA]G,23S.ecoli,"23S.ecoli,1614,1619",1614,1619,23S.ecoli:1618[mA]
523,947.153870,33.119,8.1,,9,OH,CAACAAAUG,OH,-3,light,1,0.069,0.0,0.94,0.431,-,23S.ecoli,"23S.ecoli,1547,1555",1547,1555,
524,947.153870,33.08,8.1,,9,OH,CAACAAAUG,OH,-3,light,1,0.032,0.0,0.91,0.319,-,23S.ecoli,"23S.ecoli,1547,1555",1547,1555,
525,947.153870,37.15,8.1,,9,OH,AAUACCAAG,OH,-3,light,1,0.03,0.0,0.93,0.278,-,23S.ecoli,"23S.ecoli,1634,1642",1634,1642,
526,947.153870,37.11,8.1,,9,OH,AAUACCAAG,OH,-3,light,1,0.021,0.0,0.95,0.278,-,23S.ecoli,"23S.ecoli,1634,1642",1634,1642,
527,950.655212,35.304,-4.4,y,6,OH,AAACAG,OH,-2,light,1,0.121,0.0,,0.622,-,23S.ecoli,"23S.ecoli,1383,1388",1383,1388,
528,950.655212,35.265,-4.4,y,6,OH,AAACAG,OH,-2,light,1,0.074,0.0,,0.467,-,23S.ecoli,"23S.ecoli,1383,1388",1383,1388,
529,951.144849,36.641,-6.9,y,6,OH,AUAAAG,OH,-2,light,1,0.133,0.0,0.92,0.667,-,23S.ecoli,"23S.ecoli,1272,1277",1272,1277,
530,951.144849,36.681,-6.9,y,6,OH,AUAAAG,OH,-2,light,1,0.094,0.0,0.84,0.578,-,23S.ecoli,"23S.ecoli,1272,1277",1272,1277,
531,951.144849,36.046,4.8,,12,OH,UACACAAAAAUG,OH,-4,light,1,0.004,0.0,0.75,0.101,-,23S.ecoli,"23S.ecoli,339,350",339,350,
532,951.144849,36.102,8.2,y,12,OH,UAGCAGGCCCCG,OH,-4,light,1,0.004,0.0,0.5,0.091,-,decoy,decoy,,,
533,951.144849,36.382,4.8,,12,OH,UACACAAAAAUG,OH,-4,light,1,0.003,0.0,0.67,0.071,-,23S.ecoli,"23S.ecoli,339,350",339,350,
534,951.144849,36.382,14.7,,12,OH,UUGCCGCGCAAG,OH,-4,light,2,0.003,0.0,,0.061,-,decoy,decoy,,,
535,951.170349,35.344,7.0,,6,OH,AAACAG,OH,-2,light,1,0.134,0.0,0.76,0.644,-,23S.ecoli,"23S.ecoli,1383,1388",1383,1388,
536,951.170349,35.5,7.0,,6,OH,AAACAG,OH,-2,light,1,0.124,0.0,0.8,0.644,-,23S.ecoli,"23S.ecoli,1383,1388",1383,1388,
537,951.189575,34.195,27.2,,6,OH,AACAAG,OH,-2,light,1,0.008,0.0,,0.089,-,decoy,decoy,,,
538,955.151794,39.614,10.5,y,9,OH,AAAAAUUAG,OH,-3,light,1,0.093,0.0,0.45,0.569,-,23S.ecoli,"23S.ecoli,749,757",749,757,
539,955.164001,39.574,23.3,y,9,OH,AAAAAUUAG,OH,-3,light,1,0.076,0.0,0.88,0.458,-,23S.ecoli,"23S.ecoli,749,757",749,757,
540,955.488586,39.535,11.1,,9,OH,AAAAAUUAG,OH,-3,light,1,0.06,0.0,0.8,0.375,-,23S.ecoli,"23S.ecoli,749,757",749,757,
541,955.488586,40.032,11.1,,9,OH,AAAAAUUAG,OH,-3,light,1,0.017,0.0,0.12,0.222,-,23S.ecoli,"23S.ecoli,749,757",749,757,
542,963.175659,38.307,6.6,,6,OH,AAAAAG,OH,-2,light,1,0.1,0.0,0.97,0.556,-,23S.ecoli,"23S.ecoli,501,506",501,506,
543,963.175659,38.268,6.6,,6,OH,AAAAAG,OH,-2,light,1,0.082,0.0,0.93,0.4,-,23S.ecoli,"23S.ecoli,501,506",501,506,
544,1003.892456,31.557,11.0,,13,OH,UCUCCUCCUAAAG,OH,-4,light,1,0.015,0.0,,0.157,-,23S.ecoli,"23S.ecoli,2257,2269",2257,2269,
545,1003.892456,31.607,11.0,,13,OH,UCUCCUCCUAAAG,OH,-4,light,1,0.006,0.0,,0.111,-,23S.ecoli,"23S.ecoli,2257,2269",2257,2269,
546,1009.393997,32.045,1.8,,13,OH,ACUUACCAACCCG,OH,-4,light,1,0.013,0.0,0.77,0.167,-,23S.ecoli,"23S.ecoli,892,904",892,904,
547,1009.393997,35.124,1.8,,13,OH,ACUUACCAACCCG,OH,-4,light,1,0.013,0.0,0.0,0.157,-,23S.ecoli,"23S.ecoli,892,904",892,904,
548,1009.393997,35.124,1.8,,13,OH,ACCAUCCUCCAAG,OH,-4,light,2,0.013,0.0,,0.157,-,23S.ecoli,"23S.ecoli,412,424",412,424,
549,1009.393997,32.085,1.8,,13,OH,ACUUACCAACCCG,OH,-4,light,1,0.012,0.0,0.75,0.157,-,23S.ecoli,"23S.ecoli,892,904",892,904,
550,1009.393997,35.068,1.8,,13,OH,ACCAUCCUCCAAG,OH,-4,light,1,0.012,0.0,0.92,0.176,-,23S.ecoli,"23S.ecoli,412,424",412,424,
551,1015.898773,35.629,11.6,,13,OH,CCAUCAUUUAAAG,OH,-4,light,1,0.021,0.0,,0.213,-,23S.ecoli,"23S.ecoli,1075,1087",1075,1087,
552,1015.898773,35.674,11.6,,13,OH,CCAUCAUUUAAAG,OH,-4,light,1,0.016,0.0,,0.204,-,23S.ecoli,"23S.ecoli,1075,1087",1075,1087,
553,1017.145589,24.573,5.8,,10,OH,UCUCCACCCG,OH,-3,light,1,0.059,0.0,,0.358,-,23S.ecoli,"23S.ecoli,1993,2002",1993,2002,
554,1017.145589,24.534,5.8,,10,OH,UCUCCACCCG,OH,-3,light,1,0.013,0.0,,0.235,-,23S.ecoli,"23S.ecoli,1993,2002",1993,2002,
555,1017.145589,25.233,5.8,,10,OH,UCUCCACCCG,OH,-3,light,1,0.004,0.0,,0.123,-,23S.ecoli,"23S.ecoli,1993,2002",1993,2002,
556,1017.159546,25.329,19.5,,10,OH,UCUCCACCCG,OH,-3,light,1,0.01,0.0,,0.21,-,23S.ecoli,"23S.ecoli,1993,2002",1993,2002,
557,1017.481201,25.283,5.2,y,10,OH,UCUCCACCCG,OH,-3,light,1,0.009,0.0,0.0,0.185,-,23S.ecoli,"23S.ecoli,1993,2002",1993,2002,
558,1017.481201,25.283,21.4,y,10,OH,UCCCUAUCUG,OH,-3,light,2,0.009,0.0,,0.16,-,23S.ecoli,"23S.ecoli,2609,2618",2609,2618,
559,1017.481201,25.374,21.4,y,10,OH,UCCCUAUCUG,OH,-3,light,1,0.009,0.0,0.56,0.185,-,23S.ecoli,"23S.ecoli,2609,2618",2609,2618,
560,1017.803345,27.102,7.5,,10,OH,UCCCUAUCUG,OH,-3,light,1,0.07,0.0,,0.457,-,23S.ecoli,"23S.ecoli,2609,2618",2609,2618,
561,1017.803345,27.062,7.5,,10,OH,UCCCUAUCUG,OH,-3,light,1,0.04,0.0,,0.358,-,23S.ecoli,"23S.ecoli,2609,2618",2609,2618,
562,1017.803345,27.991,7.5,,10,OH,UCCCUAUCUG,OH,-3,light,1,0.021,0.0,,0.235,-,23S.ecoli,"23S.ecoli,2609,2618",2609,2618,
563,1017.803345,28.041,7.5,,10,OH,UCCCUAUCUG,OH,-3,light,1,0.004,0.0,,0.123,-,23S.ecoli,"23S.ecoli,2609,2618",2609,2618,
564,1021.641785,35.669,-2.0,,13,OH,UAACAUCAAAUCG,OH,-4,light,1,0.004,0.0,0.75,0.111,-,23S.ecoli,"23S.ecoli,1589,1601",1589,1601,
565,1021.652100,35.72,8.1,,13,OH,UAACAUCAAAUCG,OH,-4,light,1,0.029,0.0,0.9,0.222,-,23S.ecoli,"23S.ecoli,1589,1601",1589,1601,
566,1025.151306,29.487,7.7,,10,OH,AUUCCCCCAG,OH,-3,light,1,0.079,0.0,,0.383,-,23S.ecoli,"23S.ecoli,233,242",233,242,
567,1025.151306,29.442,7.7,,10,OH,AUUCCCCCAG,OH,-3,light,1,0.017,0.0,,0.185,-,23S.ecoli,"23S.ecoli,233,242",233,242,
568,1038.482361,35.118,7.0,,10,OH,AAAlUCCUUG,OH,-3,light,1,0.062,0.0,0.9,0.37,AAA[mU]UCCUUG,23S.ecoli,"23S.ecoli,1936,1945",1936,1945,23S.ecoli:1939[mU]
569,1038.482361,35.169,7.0,,10,OH,AAAlUCCUUG,OH,-3,light,1,0.044,0.0,0.93,0.346,AAA[mU]UCCUUG,23S.ecoli,"23S.ecoli,1936,1945",1936,1945,23S.ecoli:1939[mU]
570,1041.156738,31.202,5.6,,10,OH,CUAAACCAUG,OH,-3,light,1,0.051,0.0,0.94,0.383,-,23S.ecoli,"23S.ecoli,1140,1149",1140,1149,
571,1041.156738,31.157,5.6,,10,OH,CUAAACCAUG,OH,-3,light,1,0.04,0.0,0.92,0.333,-,23S.ecoli,"23S.ecoli,1140,1149",1140,1149,
572,1041.486938,33.993,7.7,,10,OH,CCAUUUAAAG,OH,-3,light,1,0.045,0.0,0.96,0.37,-,23S.ecoli,"23S.ecoli,2558,2567",2558,2567,
573,1041.486938,33.953,7.7,,10,OH,CCAUUUAAAG,OH,-3,light,1,0.008,0.0,0.75,0.148,-,23S.ecoli,"23S.ecoli,2558,2567",2558,2567,
574,1048.831482,34.978,4.6,,10,OH,AAAUCAACCG,OH,-3,light,1,0.046,0.0,0.93,0.407,-,23S.ecoli,"23S.ecoli,221,230",221,230,
575,1048.831482,34.938,4.6,,10,OH,AAAUCAACCG,OH,-3,light,1,0.04,0.0,0.88,0.309,-,23S.ecoli,"23S.ecoli,221,230",221,230,
576,1056.490417,33.074,7.7,,10,OH,ACUAAUjUlG,OH,-3,light,1,0.073,0.0,,0.407,ACUAAU[mG]U[mU]G,23S.ecoli,"23S.ecoli,739,748",739,748,23S.ecoli:745[mG]|23S.ecoli:747[mU]
577,1056.490417,33.029,7.7,,10,OH,ACUAAUjUlG,OH,-3,light,1,0.03,0.0,,0.284,ACUAAU[mG]U[mU]G,23S.ecoli,"23S.ecoli,739,748",739,748,23S.ecoli:745[mG]|23S.ecoli:747[mU]
578,1068.167175,22.999,7.2,,7,OH,UACCCCG,OH,-2,light,1,0.133,0.0,0.38,0.648,-,23S.ecoli,"23S.ecoli,206,212",206,212,
579,1068.167175,23.038,7.2,,7,OH,UACCCCG,OH,-2,light,1,0.069,0.0,0.25,0.481,-,23S.ecoli,"23S.ecoli,206,212",206,212,
580,1068.660217,26.471,8.2,,7,OH,CUUCCAG,OH,-2,light,1,0.087,0.0,0.56,0.537,-,23S.ecoli,"23S.ecoli,1561,1567",1561,1567,
581,1068.660217,24.478,8.2,,7,OH,UACUCCG,OH,-2,light,1,0.085,0.0,0.56,0.481,-,23S.ecoli,"23S.ecoli,2438,2444",2438,2444,
582,1068.660217,23.662,8.2,,7,OH,CUCACUG,OH,-2,light,1,0.079,0.0,0.53,0.407,-,23S.ecoli,"23S.ecoli,1100,1106",1100,1106,
583,1068.660217,26.426,8.2,,7,OH,CUUCCAG,OH,-2,light,1,0.073,0.0,0.75,0.5,-,23S.ecoli,"23S.ecoli,1561,1567",1561,1567,
584,1068.660217,25.729,8.2,,7,OH,CUCCUAG,OH,-2,light,1,0.064,0.0,0.61,0.463,-,23S.ecoli,"23S.ecoli,2649,2655",2649,2655,
585,1068.660217,25.678,19.7,y,7,OH,CUCUUAG,OH,-2,light,1,0.044,0.0,0.45,0.407,-,decoy,decoy,,,
586,1069.151123,27.777,7.1,,7,OH,UAUCCUG,OH,-2,light,1,0.114,0.0,0.86,0.574,-,23S.ecoli,"23S.ecoli,390,396",390,396,
587,1069.151123,29.482,7.1,,7,OH,AUUUCCG,OH,-2,light,1,0.085,0.0,0.87,0.537,-,23S.ecoli,"23S.ecoli,111,117",111,117,
588,1069.151123,27.738,7.1,,7,OH,UAUCCUG,OH,-2,light,1,0.081,0.0,0.68,0.463,-,23S.ecoli,"23S.ecoli,390,396",390,396,
589,1069.151123,29.527,7.1,,7,OH,AUUUCCG,OH,-2,light,1,0.08,0.0,0.78,0.463,-,23S.ecoli,"23S.ecoli,111,117",111,117,
590,1075.175110,26.28,7.2,,7,OH,CAKCUCG,OH,-2,light,1,0.063,0.0,,0.444,CA[Cm]CUCG,23S.ecoli,"23S.ecoli,2496,2502",2496,2502,23S.ecoli:2498[Cm]
591,1075.175110,26.229,7.2,,7,OH,CAKCUCG,OH,-2,light,1,0.04,0.0,,0.352,CA[Cm]CUCG,23S.ecoli,"23S.ecoli,2496,2502",2496,2502,23S.ecoli:2498[Cm]
592,1079.663513,25.633,2.5,y,7,OH,CACUACG,OH,-2,light,1,0.053,0.0,0.55,0.407,-,23S.ecoli,"23S.ecoli,1531,1537",1531,1537,
593,1079.663513,26.528,2.5,y,7,OH,UCCCAAG,OH,-2,light,1,0.021,0.0,0.67,0.278,-,23S.ecoli,"23S.ecoli,2537,2543",2537,2543,
594,1079.681030,27.94,7.3,,7,OH,AACCCCG,OH,-2,light,1,0.038,0.0,0.5,0.37,-,23S.ecoli,"23S.ecoli,482,488",482,488,
595,1079.681030,28.03,7.3,,7,OH,AACCCCG,OH,-2,light,1,0.034,0.0,0.0,0.444,-,23S.ecoli,"23S.ecoli,482,488",482,488,
596,1079.681030,28.03,18.7,y,7,OH,CUAACCG,OH,-2,light,2,0.034,0.0,,0.407,-,23S.ecoli,"23S.ecoli,2870,2876",2870,2876,
597,1080.151123,31.151,8.7,,14,OH,CUCAUCACAUCCUG,OH,-4,light,1,0.014,0.0,,0.197,-,23S.ecoli,"23S.ecoli,2510,2523",2510,2523,
598,1080.151123,31.101,8.7,,14,OH,CUCAUCACAUCCUG,OH,-4,light,1,0.004,0.0,,0.137,-,23S.ecoli,"23S.ecoli,2510,2523",2510,2523,
599,1080.173950,25.543,8.2,,7,OH,CACUACG,OH,-2,light,1,0.08,0.0,0.51,0.519,-,23S.ecoli,"23S.ecoli,1531,1537",1531,1537,
600,1080.173950,25.498,8.2,,7,OH,CACUACG,OH,-2,light,1,0.071,0.0,0.61,0.444,-,23S.ecoli,"23S.ecoli,1531,1537",1531,1537,
601,1080.173950,24.844,8.2,,7,OH,CUAACCG,OH,-2,light,1,0.065,0.0,0.03,0.519,-,23S.ecoli,"23S.ecoli,2870,2876",2870,2876,
602,1080.173950,24.804,8.2,,7,OH,CUAACCG,OH,-2,light,1,0.036,0.0,0.17,0.389,-,23S.ecoli,"23S.ecoli,2870,2876",2870,2876,
603,1080.173950,27.985,29.8,,14,OH,AUCAAUUUCCCCCG,OH,-4,light,1,0.003,0.0,,0.103,-,decoy,decoy,,,
604,1080.666718,27.254,8.9,,7,OH,UUAACCG,OH,-2,light,1,0.079,0.0,0.39,0.5,-,23S.ecoli,"23S.ecoli,606,612",606,612,
605,1080.666718,27.349,8.9,,7,OH,UUAACCG,OH,-2,light,1,0.063,0.0,0.37,0.5,-,23S.ecoli,"23S.ecoli,606,612",606,612,
606,1080.666718,28.593,8.9,,7,OH,UAAUCCG,OH,-2,light,1,0.047,0.0,0.34,0.444,-,23S.ecoli,"23S.ecoli,2210,2216",2210,2216,
607,1080.666718,28.542,8.9,,7,OH,UAAUCCG,OH,-2,light,1,0.038,0.0,0.21,0.352,-,23S.ecoli,"23S.ecoli,2210,2216",2210,2216,
608,1081.157043,29.819,7.3,,7,OH,UUAAUCG,OH,-2,light,1,0.094,0.0,0.47,0.537,-,23S.ecoli,"23S.ecoli,1325,1331",1325,1331,
609,1081.157043,29.768,7.3,,7,OH,UUAAUCG,OH,-2,light,1,0.068,0.0,0.51,0.444,-,23S.ecoli,"23S.ecoli,1325,1331",1325,1331,
610,1081.653015,32.45,11.0,,7,OH,UUAAUUG,OH,-2,light,1,0.129,0.0,0.82,0.593,-,23S.ecoli,"23S.ecoli,1851,1857",1851,1857,
611,1081.653015,32.405,11.0,,7,OH,UUAAUUG,OH,-2,light,1,0.095,0.0,0.83,0.519,-,23S.ecoli,"23S.ecoli,1851,1857",1851,1857,
612,1091.662476,28.649,-3.6,y,7,OH,CAAACUG,OH,-2,light,1,0.054,0.0,0.83,0.5,-,23S.ecoli,"23S.ecoli,908,914",908,914,
613,1091.687256,30.713,7.8,,7,OH,ACACACG,OH,-2,light,1,0.133,0.0,0.58,0.63,-,23S.ecoli,"23S.ecoli,943,949",943,949,
614,1091.687256,30.673,7.8,,7,OH,ACACACG,OH,-2,light,1,0.097,0.0,0.66,0.574,-,23S.ecoli,"23S.ecoli,943,949",943,949,
615,1091.687256,32.237,7.8,,7,OH,AAACCCG,OH,-2,light,1,0.096,0.0,0.4,0.444,-,23S.ecoli,"23S.ecoli,675,681",675,681,
616,1091.687256,30.628,7.8,,7,OH,ACACACG,OH,-2,light,1,0.076,0.0,0.3,0.444,-,23S.ecoli,"23S.ecoli,943,949",943,949,
617,1091.687256,32.287,19.1,y,7,OH,AAUACCG,OH,-2,light,1,0.062,0.0,0.05,0.481,-,23S.ecoli,"23S.ecoli,917,923",917,923,
618,1092.180225,28.491,8.7,,7,OH,CAAACUG,OH,-2,light,1,0.078,0.0,0.58,0.556,-,23S.ecoli,"23S.ecoli,908,914",908,914,
619,1092.180225,28.396,8.7,,7,OH,CAAACUG,OH,-2,light,1,0.076,0.0,0.79,0.37,-,23S.ecoli,"23S.ecoli,908,914",908,914,
620,1092.180225,31.106,20.0,y,7,OH,ACUAUAG,OH,-2,light,1,0.065,0.0,0.34,0.519,-,decoy,decoy,,,
621,1092.180225,31.146,20.0,y,7,OH,CUAAAUG,OH,-2,light,1,0.064,0.0,0.06,0.593,-,23S.ecoli,"23S.ecoli,2723,2729",2723,2729,
622,1092.180225,32.703,20.0,y,7,OH,AAUCUAG,OH,-2,light,1,0.03,0.0,0.43,0.37,-,decoy,decoy,,,
623,1092.673828,34.1,21.4,y,7,OH,UAUAAUG,OH,-2,light,1,0.124,0.0,0.79,0.611,-,23S.ecoli,"23S.ecoli,571,577",571,577,
624,1092.673828,34.24,10.2,,7,OH,AACAUUG,OH,-2,light,1,0.061,0.0,0.1,0.537,-,23S.ecoli,"23S.ecoli,2094,2100",2094,2100,
625,1103.666321,34.471,-5.2,y,7,OH,ACAUAAG,OH,-2,light,1,0.078,0.0,0.72,0.537,-,23S.ecoli,"23S.ecoli,1260,1266",1260,1266,
626,1103.666321,34.426,-5.2,y,7,OH,ACUAAAG,OH,-2,light,1,0.053,0.0,0.81,0.352,-,decoy,decoy,,,
627,1104.185577,34.612,8.4,,7,OH,ACAUAAG,OH,-2,light,1,0.074,0.0,0.74,0.481,-,23S.ecoli,"23S.ecoli,1260,1266",1260,1266,
628,1104.185577,36.332,8.4,,7,OH,AAAUCAG,OH,-2,light,1,0.07,0.0,0.59,0.519,-,23S.ecoli,"23S.ecoli,1744,1750",1744,1750,
629,1104.185577,36.276,8.4,,7,OH,AAAUCAG,OH,-2,light,1,0.055,0.0,0.31,0.333,-,23S.ecoli,"23S.ecoli,1744,1750",1744,1750,
630,1104.185577,34.522,8.4,,7,OH,ACAUAAG,OH,-2,light,1,0.05,0.0,0.8,0.426,-,23S.ecoli,"23S.ecoli,1260,1266",1260,1266,
631,1116.192322,37.554,9.3,,7,OH,AUAAAAG,OH,-2,light,1,0.137,0.0,0.97,0.593,-,23S.ecoli,"23S.ecoli,2430,2436",2430,2436,
632,1116.192322,37.509,9.3,,7,OH,AUAAAAG,OH,-2,light,1,0.103,0.0,0.99,0.556,-,23S.ecoli,"23S.ecoli,2430,2436",2430,2436,
633,1155.844238,29.218,8.0,,11,OH,UAAClAUAACG,OH,-3,light,1,0.071,0.0,0.86,0.422,UAAC[mU]AUAACG,23S.ecoli,"23S.ecoli,1911,1921",1911,1921,23S.ecoli:1915[mU]
634,1155.844238,29.268,8.0,,11,OH,UAAClAUAACG,OH,-3,light,1,0.055,0.0,0.87,0.367,UAAC[mU]AUAACG,23S.ecoli,"23S.ecoli,1911,1921",1911,1921,23S.ecoli:1915[mU]
635,1158.190308,34.983,6.5,,11,OH,AAACAACCCAG,OH,-3,light,1,0.061,0.0,0.79,0.389,-,23S.ecoli,"23S.ecoli,979,989",979,989,
636,1158.190308,34.932,6.5,,11,OH,AAACAACCCAG,OH,-3,light,1,0.026,0.0,0.77,0.289,-,23S.ecoli,"23S.ecoli,979,989",979,989,
637,1158.850708,38.045,10.2,,11,OH,AAACAUCUAAG,OH,-3,light,1,0.044,0.0,0.91,0.389,-,23S.ecoli,"23S.ecoli,195,205",195,205,
638,1158.850708,38.006,10.2,,11,OH,AAACAUCUAAG,OH,-3,light,1,0.038,0.0,0.92,0.322,-,23S.ecoli,"23S.ecoli,195,205",195,205,
639,1233.181824,27.575,3.3,,8,OH,CAUCACUG,OH,-2,light,1,0.038,0.0,0.34,0.429,-,23S.ecoli,"23S.ecoli,2678,2685",2678,2685,
640,1233.181824,27.524,3.3,,8,OH,CCUCUAAG,OH,-2,light,1,0.022,0.0,0.32,0.333,-,23S.ecoli,"23S.ecoli,1574,1581",1574,1581,
641,1233.679565,29.212,7.9,,8,OH,CUAAUCUG,OH,-2,light,1,0.033,0.0,0.55,0.333,-,23S.ecoli,"23S.ecoli,61,68",61,68,
642,1233.679565,28.745,7.9,,8,OH,UUCUAACG,OH,-2,light,1,0.014,0.0,0.36,0.254,-,23S.ecoli,"23S.ecoli,2194,2201",2194,2201,
643,1237.155273,34.853,-7.1,,12,OH,UUAACCUAUCCG,OH,-3,light,1,0.003,0.0,,0.121,-,decoy,decoy,,,
644,1237.182373,34.808,14.8,,12,OH,UUAACCUAUCCG,OH,-3,light,1,0.006,0.0,,0.172,-,decoy,decoy,,,
645,1237.182373,34.893,14.8,,12,OH,UUAACCUAUCCG,OH,-3,light,1,0.003,0.0,,0.121,-,decoy,decoy,,,
646,1237.823181,34.347,2.5,,12,OH,UUAAUAUUCCUG,OH,-3,light,1,0.019,0.0,0.53,0.283,-,23S.ecoli,"23S.ecoli,1390,1401",1390,1401,
647,1237.823181,34.387,2.5,,12,OH,UUAAUAUUCCUG,OH,-3,light,1,0.019,0.0,0.21,0.263,-,23S.ecoli,"23S.ecoli,1390,1401",1390,1401,
648,1244.182861,32.709,-0.7,,12,OH,UACCCCAAACCG,OH,-3,light,1,0.054,0.0,,0.394,-,23S.ecoli,"23S.ecoli,1602,1613",1602,1613,
649,1244.196167,32.608,10.0,,12,OH,UACCCCAAACCG,OH,-3,light,1,0.036,0.0,,0.333,-,23S.ecoli,"23S.ecoli,1602,1613",1602,1613,
650,1244.697876,29.026,5.2,,8,OH,CAAAUCCG,OH,-2,light,1,0.008,0.0,0.12,0.159,-,23S.ecoli,"23S.ecoli,1493,1500",1493,1500,
651,1244.697876,29.082,15.1,y,8,OH,CAUCUAAG,OH,-2,light,1,0.008,0.0,0.25,0.095,-,23S.ecoli,"23S.ecoli,2752,2759",2752,2759,
652,1245.214233,32.096,14.9,y,8,OH,UCCCAAAG,OH,-2,light,1,0.003,0.0,0.67,0.127,-,23S.ecoli,"23S.ecoli,1004,1011",1004,1011,
653,1245.214233,32.096,14.9,y,8,OH,ACCCAAUG,OH,-2,light,2,0.003,0.0,,0.127,-,decoy,decoy,,,
654,1245.214233,32.096,24.8,,8,OH,CCUAAAUG,OH,-2,light,3,0.003,0.0,,0.143,-,decoy,decoy,,,
655,1245.682739,32.136,5.9,,8,OH,UACUAAUG,OH,-2,light,1,0.028,0.0,0.86,0.27,-,23S.ecoli,"23S.ecoli,2878,2885",2878,2885,
656,1252.193176,31.247,4.5,,12,OH,CCAAUCAAACCG,OH,-3,light,1,0.032,0.0,0.84,0.333,-,23S.ecoli,"23S.ecoli,786,797",786,797,
657,1252.193176,31.208,4.5,,12,OH,CCAAUCAAACCG,OH,-3,light,1,0.021,0.0,0.81,0.263,-,23S.ecoli,"23S.ecoli,786,797",786,797,
658,1252.848938,34.201,4.3,,12,OH,UAACACUAACUG,OH,-3,light,1,0.016,0.0,0.88,0.242,-,23S.ecoli,"23S.ecoli,714,725",714,725,
659,1252.848938,34.145,4.3,,12,OH,UAACACUAACUG,OH,-3,light,1,0.012,0.0,0.83,0.202,-,23S.ecoli,"23S.ecoli,714,725",714,725,
660,1256.213216,31.799,6.6,,8,OH,CAAACACG,OH,-2,light,1,0.036,0.0,0.78,0.397,-,23S.ecoli,"23S.ecoli,1800,1807",1800,1807,
661,1256.213216,32.928,6.6,,8,OH,AAACCCAG,OH,-2,light,1,0.023,0.0,0.74,0.302,-,23S.ecoli,"23S.ecoli,125,132",125,132,
662,1256.213216,31.759,6.6,,8,OH,CAAACACG,OH,-2,light,1,0.017,0.0,0.82,0.302,-,23S.ecoli,"23S.ecoli,1800,1807",1800,1807,
663,1258.657837,36.87,-6.0,,16,OH,UjAACCUUUACUAUAG,OH,-4,light,1,0.003,0.0,1.0,0.133,U[mG]AACCUUUACUAUAG,23S.ecoli,"23S.ecoli,2068,2083",2068,2083,23S.ecoli:2069[mG]
664,1258.677856,36.915,9.9,,16,OH,UjAACCUUUACUAUAG,OH,-4,light,1,0.008,0.0,0.88,0.148,U[mG]AACCUUUACUAUAG,23S.ecoli,"23S.ecoli,2068,2083",2068,2083,23S.ecoli:2069[mG]
665,1262.925476,38.646,2.4,,16,OH,UUUAUUAAAAACACAG,OH,-4,light,1,0.012,0.0,0.67,0.163,-,23S.ecoli,"23S.ecoli,1777,1792",1777,1792,
666,1262.925476,38.685,2.4,,16,OH,UUUAUUAAAAACACAG,OH,-4,light,1,0.011,0.0,0.82,0.163,-,23S.ecoli,"23S.ecoli,1777,1792",1777,1792,
667,1268.521240,35.973,-1.4,,12,OH,UACACAAAAAUG,OH,-3,light,1,0.029,0.0,0.93,0.293,-,23S.ecoli,"23S.ecoli,339,350",339,350,
668,1268.535889,35.933,10.2,,12,OH,UACACAAAAAUG,OH,-3,light,1,0.042,0.0,0.93,0.323,-,23S.ecoli,"23S.ecoli,339,350",339,350,
669,1338.849243,31.753,3.6,,13,OH,UCUCCUCCUAAAG,OH,-3,light,1,0.034,0.0,,0.296,-,23S.ecoli,"23S.ecoli,2257,2269",2257,2269,
670,1338.849243,31.506,3.6,,13,OH,UCUCCUCCUAAAG,OH,-3,light,1,0.014,0.0,,0.204,-,23S.ecoli,"23S.ecoli,2257,2269",2257,2269,
671,1346.204224,35.214,8.9,,13,OH,ACCAUCCUCCAAG,OH,-3,light,1,0.035,0.0,0.86,0.306,-,23S.ecoli,"23S.ecoli,412,424",412,424,
672,1346.204224,35.062,8.9,,13,OH,ACCAUCCUCCAAG,OH,-3,light,1,0.018,0.0,0.89,0.213,-,23S.ecoli,"23S.ecoli,412,424",412,424,
673,1346.204224,32.141,8.9,,13,OH,ACUUACCAACCCG,OH,-3,light,1,0.015,0.0,0.4,0.231,-,23S.ecoli,"23S.ecoli,892,904",892,904,
674,1346.204224,32.09,8.9,,13,OH,ACUUACCAACCCG,OH,-3,light,1,0.01,0.0,0.9,0.167,-,23S.ecoli,"23S.ecoli,892,904",892,904,
675,1354.856812,35.624,3.6,,13,OH,CCAUCAUUUAAAG,OH,-3,light,1,0.029,0.0,,0.296,-,23S.ecoli,"23S.ecoli,1075,1087",1075,1087,
676,1354.856812,35.584,3.6,,13,OH,CCAUCAUUUAAAG,OH,-3,light,1,0.023,0.0,,0.25,-,23S.ecoli,"23S.ecoli,1075,1087",1075,1087,
677,1361.855103,35.68,3.1,y,13,OH,UGACGCCUGCCCG,OH,-3,light,1,0.003,0.0,0.33,0.13,-,23S.ecoli,"23S.ecoli,1827,1839",1827,1839,
678,1362.183411,35.731,-5.9,y,13,OH,UAACAUCAAAUCG,OH,-3,light,1,0.03,0.0,0.9,0.296,-,23S.ecoli,"23S.ecoli,1589,1601",1589,1601,
679,1362.183411,35.776,-5.9,y,13,OH,UAACAUCAAAUCG,OH,-3,light,1,0.018,0.0,0.67,0.269,-,23S.ecoli,"23S.ecoli,1589,1601",1589,1601,
680,1362.535645,35.832,5.8,,13,OH,UAACAUCAAAUCG,OH,-3,light,1,0.031,0.0,0.9,0.296,-,23S.ecoli,"23S.ecoli,1589,1601",1589,1601,
681,1362.535645,35.894,5.8,,13,OH,UAACAUCAAAUCG,OH,-3,light,1,0.015,0.0,0.87,0.213,-,23S.ecoli,"23S.ecoli,1589,1601",1589,1601,
682,1409.691406,37.301,-12.9,,9,OH,AAUCCAUAG,OH,-2,light,1,0.008,0.0,,0.236,-,23S.ecoli,"23S.ecoli,160,168",160,168,
