,ID,ID_ext,Name,Originating_base,Partial_modifications,Unnamed: 5,C,O,H,N,P,S,Se,C13,O18,N15,H2,Unnamed: 17,C.1,O.1,H.1,N.1,P.1,S.1,Se.1,C13.1,O18.1,N15.1,H2.1
0,A,A,Adenosine,,,,5.0,0.0,4.0,5.0,0.0,0.0,0.0,0.0,0.0,0.0,0.0,,5.0,6.0,8.0,0.0,1.0,0.0,0.0,0.0,0.0,0.0,0.0
1,G,G,Guanosine,,,,5.0,1.0,4.0,5.0,0.0,0.0,0.0,0.0,0.0,0.0,0.0,,5.0,6.0,8.0,0.0,1.0,0.0,0.0,0.0,0.0,0.0,0.0
2,C,C,Cytidine,,,,4.0,1.0,4.0,3.0,0.0,0.0,0.0,0.0,0.0,0.0,0.0,,5.0,6.0,8.0,0.0,1.0,0.0,0.0,0.0,0.0,0.0,0.0
3,U,U,Uridine,,,,4.0,2.0,3.0,2.0,0.0,0.0,0.0,0.0,0.0,0.0,0.0,,5.0,6.0,8.0,0.0,1.0,0.0,0.0,0.0,0.0,0.0,0.0
4,,,,,,,,,,,,,,,,,,,,,,,,,,,,,
5,F,[Am],2'-O-methyladenosine ,A,,,5.0,0.0,4.0,5.0,0.0,0.0,0.0,0.0,0.0,0.0,0.0,,6.0,6.0,10.0,0.0,1.0,0.0,0.0,0.0,0.0,0.0,0.0
6,J,[Gm],2'-O-methylguanosine ,G,,,5.0,1.0,4.0,5.0,0.0,0.0,0.0,0.0,0.0,0.0,0.0,,6.0,6.0,10.0,0.0,1.0,0.0,0.0,0.0,0.0,0.0,0.0
7,K,[Cm],2'-O-methylcytidine ,C,,,4.0,1.0,4.0,3.0,0.0,0.0,0.0,0.0,0.0,0.0,0.0,,6.0,6.0,10.0,0.0,1.0,0.0,0.0,0.0,0.0,0.0,0.0
8,L,[Um],2'-O-methyluridine,U,,,4.0,2.0,3.0,2.0,0.0,0.0,0.0,0.0,0.0,0.0,0.0,,6.0,6.0,10.0,0.0,1.0,0.0,0.0,0.0,0.0,0.0,0.0
9,i,[mA],x-methyl adenosine (base),A,,,6.0,0.0,6.0,5.0,0.0,0.0,0.0,0.0,0.0,0.0,0.0,,5.0,6.0,8.0,0.0,1.0,0.0,0.0,0.0,0.0,0.0,0.0
10,j,[mG],x-methyl guanosine (base),G,,,6.0,1.0,6.0,5.0,0.0,0.0,0.0,0.0,0.0,0.0,0.0,,5.0,6.0,8.0,0.0,1.0,0.0,0.0,0.0,0.0,0.0,0.0
11,k,[mC],x-methyl cytidine (base),C,,,5.0,1.0,6.0,3.0,0.0,0.0,0.0,0.0,0.0,0.0,0.0,,5.0,6.0,8.0,0.0,1.0,0.0,0.0,0.0,0.0,0.0,0.0
12,l,[mU],x-methyl uridine (base),U,,,5.0,2.0,5.0,2.0,0.0,0.0,0.0,0.0,0.0,0.0,0.0,,5.0,6.0,8.0,0.0,1.0,0.0,0.0,0.0,0.0,0.0,0.0
13,,,,,,,,,,,,,,,,,,,,,,,,,,,,,
14,r,[mmA],"N6,N6-dimethyladenosine ",A,i,,7.0,0.0,8.0,5.0,0.0,0.0,0.0,0.0,0.0,0.0,0.0,,5.0,6.0,8.0,0.0,1.0,0.0,0.0,0.0,0.0,0.0,0.0
15,g,[mmG],"N2,N2-dimethylguanosine",G,j,,7.0,1.0,8.0,5.0,0.0,0.0,0.0,0.0,0.0,0.0,0.0,,5.0,6.0,8.0,0.0,1.0,0.0,0.0,0.0,0.0,0.0,0.0
16,s,[mCm],"N4, O2'-dimethilcytidine",C,"k,K",,5.0,1.0,6.0,3.0,0.0,0.0,0.0,0.0,0.0,0.0,0.0,,6.0,6.0,10.0,0.0,1.0,0.0,0.0,0.0,0.0,0.0,0.0
17,,,,,,,,,,,,,,,,,,,,,,,,,,,,,
18,,,,,,,,,,,,,,,,,,,,,,,,,,,,,
19,h,[ho5C],5-hydroxycytidine,C,,,4.0,2.0,4.0,3.0,0.0,0.0,0.0,0.0,0.0,0.0,0.0,,5.0,6.0,8.0,0.0,1.0,0.0,0.0,0.0,0.0,0.0,0.0
20,o,[m1acp3Y],1-methyl-3-(3-amino-3-carboxypropyl)pseudouridine,U,Y,,9.0,4.0,12.0,3.0,0.0,0.0,0.0,0.0,0.0,0.0,0.0,,5.0,6.0,8.0,0.0,1.0,0.0,0.0,0.0,0.0,0.0,0.0
21,I,[I],inosine,A,,,5.0,1.0,3.0,4.0,0.0,0.0,0.0,0.0,0.0,0.0,0.0,,5.0,6.0,8.0,0.0,1.0,0.0,0.0,0.0,0.0,0.0,0.0
22,e,[mI],x-methyl inosine (base),A,,,6.0,1.0,5.0,4.0,0.0,0.0,0.0,0.0,0.0,0.0,0.0,,5.0,6.0,8.0,0.0,1.0,0.0,0.0,0.0,0.0,0.0,0.0
23,Y,[Y],pseudouridine,U,,,4.0,2.0,3.0,2.0,0.0,0.0,0.0,0.0,0.0,0.0,0.0,,5.0,6.0,8.0,0.0,1.0,0.0,0.0,0.0,0.0,0.0,0.0
24,f,[mcm5U],5-methoxycarbonylmethyluridine,U,,,7.0,4.0,7.0,2.0,0.0,0.0,0.0,0.0,0.0,0.0,0.0,,5.0,6.0,8.0,0.0,1.0,0.0,0.0,0.0,0.0,0.0,0.0
25,o,[t6A],N6-threonylcarbamoyladenosine,A,,,10.0,4.0,11.0,6.0,0.0,0.0,0.0,0.0,0.0,0.0,0.0,,5.0,6.0,8.0,0.0,1.0,0.0,0.0,0.0,0.0,0.0,0.0
26,W,[2OmY],2'-O-methylpseudouridine ,U,,,4.0,2.0,3.0,2.0,0.0,0.0,0.0,0.0,0.0,0.0,0.0,,6.0,6.0,10.0,0.0,1.0,0.0,0.0,0.0,0.0,0.0,0.0
27,w,[mxY],x-methyl pseudouridine (base),U,Y,,5.0,2.0,5.0,2.0,0.0,0.0,0.0,0.0,0.0,0.0,0.0,,5.0,6.0,8.0,0.0,1.0,0.0,0.0,0.0,0.0,0.0,0.0
28,D,[D],dihydrouridine,U,,,4.0,2.0,5.0,2.0,0.0,0.0,0.0,0.0,0.0,0.0,0.0,,5.0,6.0,8.0,0.0,1.0,0.0,0.0,0.0,0.0,0.0,0.0
29,h,[ho5C],5-hydroxycytidine,C,,,4.0,2.0,4.0,3.0,0.0,0.0,0.0,0.0,0.0,0.0,0.0,,5.0,6.0,8.0,0.0,1.0,0.0,0.0,0.0,0.0,0.0,0.0
30,n,[i6A],N6-isopentenyladenosine,A,,,10.0,0.0,12.0,5.0,0.0,0.0,0.0,0.0,0.0,0.0,0.0,,5.0,6.0,8.0,0.0,1.0,0.0,0.0,0.0,0.0,0.0,0.0
31,m,[mcm5s2U],5-methoxycarbonylmethyl-2-thiouridine,U,,,7.0,3.0,7.0,2.0,0.0,1.0,0.0,0.0,0.0,0.0,0.0,,5.0,6.0,8.0,0.0,1.0,0.0,0.0,0.0,0.0,0.0,0.0
32,p,[ac4C] ,N4-acetylcytidine,C,,,6.0,2.0,6.0,3.0,0.0,0.0,0.0,0.0,0.0,0.0,0.0,,5.0,6.0,8.0,0.0,1.0,0.0,0.0,0.0,0.0,0.0,0.0
33,q,[ncm5U],5-carbamoylmethyluridine,U,,,6.0,3.0,6.0,3.0,0.0,0.0,0.0,0.0,0.0,0.0,0.0,,5.0,6.0,8.0,0.0,1.0,0.0,0.0,0.0,0.0,0.0,0.0
34,t,[Ar(p)],2’-O-ribosyladenosine (phosphate),A,,,5.0,0.0,4.0,5.0,0.0,0.0,0.0,0.0,0.0,0.0,0.0,,10.0,13.0,17.0,0.0,2.0,0.0,0.0,0.0,0.0,0.0,0.0
35,u,[yW],wybutosine,G,,,16.0,5.0,19.0,6.0,0.0,0.0,0.0,0.0,0.0,0.0,0.0,,5.0,6.0,8.0,0.0,1.0,0.0,0.0,0.0,0.0,0.0,0.0
36,a,[dA],deoxyadenosine,,,,5.0,0.0,4.0,5.0,0.0,0.0,0.0,0.0,0.0,0.0,0.0,,5.0,5.0,8.0,0.0,1.0,0.0,0.0,0.0,0.0,0.0,0.0
37,c,[dC],deoxycytidine,,,,5.0,1.0,4.0,5.0,0.0,0.0,0.0,0.0,0.0,0.0,0.0,,5.0,5.0,8.0,0.0,1.0,0.0,0.0,0.0,0.0,0.0,0.0
38,g,[dG],deoxyguanosine,,,,4.0,1.0,4.0,3.0,0.0,0.0,0.0,0.0,0.0,0.0,0.0,,5.0,5.0,8.0,0.0,1.0,0.0,0.0,0.0,0.0,0.0,0.0
39,T,T,,,,,5.0,2.0,5.0,2.0,0.0,0.0,0.0,0.0,0.0,0.0,0.0,,5.0,5.0,8.0,0.0,1.0,0.0,0.0,0.0,0.0,0.0,0.0
