replicate,donor,peak area,oligo
1,mod,817600,UCG
2,mod,973813,UCG
3,mod,869557,UCG
1,unmod,533405,UCG
2,unmod,523954,UCG
3,unmod,549173,UCG
1,mod,7130614,AAUG
2,mod,7638780,AAUG
3,mod,6549529,AAUG
1,unmod,4277900,AAUG
2,unmod,4277031,AAUG
3,unmod,4559923,AAUG
1,mod,1204348,AAACCG
2,mod,1371614,AAACCG
3,mod,1246398,AAACCG
1,unmod,956720,AAACCG
2,unmod,1047617,AAACCG
3,unmod,946648,AAACCG
1,mod,2589622,CUCAUUAAAUCAG
2,mod,2655168,CUCAUUAAAUCAG
3,mod,2111302,CUCAUUAAAUCAG
1,unmod,1800188,CUCAUUAAAUCAG
2,unmod,1821970,CUCAUUAAAUCAG
3,unmod,1624322,CUCAUUAAAUCAG